Date,Location,Department,Avg_Wait_Time_Min,Avg_Treatment_Cost_USD,Patient_Satisfaction_Score,Appointments_Available
2025-02-04,"Rochester, MN",Cardiology,39.1,2270.89,4.01,42
2025-02-04,"Rochester, MN",Neurology,7.8,1373.51,4.45,10
2025-02-04,"Rochester, MN",Oncology,53.7,4016.61,4.22,33
2025-02-04,"Rochester, MN",Orthopedics,37.7,4334.59,4.9,43
2025-02-04,"Rochester, MN",Pediatrics,52.5,3324.29,3.11,33
2025-02-04,"Rochester, MN",Emergency,52.9,3726.37,3.89,22
2025-02-04,"Phoenix, AZ",Cardiology,55.4,4904.55,3.12,4
2025-02-04,"Phoenix, AZ",Neurology,8.9,4465.65,4.03,1
2025-02-04,"Phoenix, AZ",Oncology,34.4,3297.73,4.55,18
2025-02-04,"Phoenix, AZ",Orthopedics,43.9,755.4,3.75,24
2025-02-04,"Phoenix, AZ",Pediatrics,6.4,3757.55,3.55,8
2025-02-04,"Phoenix, AZ",Emergency,32.5,4133.86,3.91,50
2025-02-04,"Jacksonville, FL",Cardiology,44.5,2232.0,4.92,7
2025-02-04,"Jacksonville, FL",Neurology,26.6,4757.71,4.5,13
2025-02-04,"Jacksonville, FL",Oncology,19.7,2696.72,3.19,18
2025-02-04,"Jacksonville, FL",Orthopedics,23.0,709.41,3.77,45
2025-02-04,"Jacksonville, FL",Pediatrics,26.7,1568.69,3.63,21
2025-02-04,"Jacksonville, FL",Emergency,10.0,1802.03,4.64,18
2025-02-05,"Rochester, MN",Cardiology,37.4,4040.23,4.47,35
2025-02-05,"Rochester, MN",Neurology,38.5,3712.79,3.49,45
2025-02-05,"Rochester, MN",Oncology,18.0,3708.67,3.25,26
2025-02-05,"Rochester, MN",Orthopedics,16.8,3534.04,3.45,30
2025-02-05,"Rochester, MN",Pediatrics,11.2,710.09,4.62,18
2025-02-05,"Rochester, MN",Emergency,35.4,1540.07,4.07,22
2025-02-05,"Phoenix, AZ",Cardiology,8.6,1849.97,3.2,14
2025-02-05,"Phoenix, AZ",Neurology,41.9,4356.43,4.39,7
2025-02-05,"Phoenix, AZ",Oncology,9.1,2156.63,4.12,26
2025-02-05,"Phoenix, AZ",Orthopedics,26.5,2259.94,4.01,12
2025-02-05,"Phoenix, AZ",Pediatrics,57.7,3613.83,4.16,14
2025-02-05,"Phoenix, AZ",Emergency,52.4,1049.25,4.65,35
2025-02-05,"Jacksonville, FL",Cardiology,5.5,1026.86,3.56,19
2025-02-05,"Jacksonville, FL",Neurology,57.7,1257.8,3.42,42
2025-02-05,"Jacksonville, FL",Oncology,45.5,255.32,4.71,39
2025-02-05,"Jacksonville, FL",Orthopedics,46.5,4486.75,3.24,6
2025-02-05,"Jacksonville, FL",Pediatrics,33.1,440.77,3.0,0
2025-02-05,"Jacksonville, FL",Emergency,38.4,2261.82,4.08,5
2025-02-06,"Rochester, MN",Cardiology,13.4,1644.71,3.62,30
2025-02-06,"Rochester, MN",Neurology,23.7,4245.08,3.24,50
2025-02-06,"Rochester, MN",Oncology,29.4,4381.2,3.57,44
2025-02-06,"Rochester, MN",Orthopedics,22.0,2429.07,3.15,14
2025-02-06,"Rochester, MN",Pediatrics,56.1,1068.43,3.06,3
2025-02-06,"Rochester, MN",Emergency,37.1,3316.99,3.64,22
2025-02-06,"Phoenix, AZ",Cardiology,30.4,4847.32,3.93,47
2025-02-06,"Phoenix, AZ",Neurology,29.7,1052.31,4.22,12
2025-02-06,"Phoenix, AZ",Oncology,37.2,2070.59,4.21,47
2025-02-06,"Phoenix, AZ",Orthopedics,24.5,3668.05,4.27,32
2025-02-06,"Phoenix, AZ",Pediatrics,41.8,1129.46,3.76,47
2025-02-06,"Phoenix, AZ",Emergency,39.4,2671.7,4.88,1
2025-02-06,"Jacksonville, FL",Cardiology,11.8,2277.45,3.94,31
2025-02-06,"Jacksonville, FL",Neurology,24.3,2174.1,3.92,27
2025-02-06,"Jacksonville, FL",Oncology,29.5,791.6,4.87,3
2025-02-06,"Jacksonville, FL",Orthopedics,38.2,1984.56,3.06,19
2025-02-06,"Jacksonville, FL",Pediatrics,17.0,4089.23,4.14,36
2025-02-06,"Jacksonville, FL",Emergency,6.0,2909.75,4.67,1
2025-02-07,"Rochester, MN",Cardiology,31.6,3354.88,4.58,46
2025-02-07,"Rochester, MN",Neurology,44.0,349.77,4.59,0
2025-02-07,"Rochester, MN",Oncology,32.6,3111.15,4.84,21
2025-02-07,"Rochester, MN",Orthopedics,44.8,3210.07,3.01,24
2025-02-07,"Rochester, MN",Pediatrics,46.1,2521.98,3.27,28
2025-02-07,"Rochester, MN",Emergency,59.0,891.29,3.89,19
2025-02-07,"Phoenix, AZ",Cardiology,6.5,1552.78,3.61,46
2025-02-07,"Phoenix, AZ",Neurology,15.9,3186.91,3.43,15
2025-02-07,"Phoenix, AZ",Oncology,15.2,3538.16,3.73,10
2025-02-07,"Phoenix, AZ",Orthopedics,11.8,1031.89,3.51,1
2025-02-07,"Phoenix, AZ",Pediatrics,51.9,1596.39,4.7,45
2025-02-07,"Phoenix, AZ",Emergency,39.0,1559.1,4.39,2
2025-02-07,"Jacksonville, FL",Cardiology,53.9,4383.36,3.88,17
2025-02-07,"Jacksonville, FL",Neurology,42.5,2879.45,4.81,16
2025-02-07,"Jacksonville, FL",Oncology,52.1,627.34,3.84,29
2025-02-07,"Jacksonville, FL",Orthopedics,44.1,2165.71,3.51,8
2025-02-07,"Jacksonville, FL",Pediatrics,41.5,1257.61,3.14,7
2025-02-07,"Jacksonville, FL",Emergency,13.3,2620.68,3.06,6
2025-02-08,"Rochester, MN",Cardiology,46.6,2834.29,4.24,22
2025-02-08,"Rochester, MN",Neurology,55.9,1045.8,3.24,31
2025-02-08,"Rochester, MN",Oncology,42.3,3962.35,3.95,37
2025-02-08,"Rochester, MN",Orthopedics,22.5,865.6,4.1,9
2025-02-08,"Rochester, MN",Pediatrics,31.3,1952.86,3.1,17
2025-02-08,"Rochester, MN",Emergency,24.9,1532.54,4.95,35
2025-02-08,"Phoenix, AZ",Cardiology,35.2,4298.66,3.08,11
2025-02-08,"Phoenix, AZ",Neurology,31.3,1717.92,4.69,49
2025-02-08,"Phoenix, AZ",Oncology,39.3,3547.09,4.9,15
2025-02-08,"Phoenix, AZ",Orthopedics,49.4,4021.68,3.12,20
2025-02-08,"Phoenix, AZ",Pediatrics,30.0,3907.04,3.12,50
2025-02-08,"Phoenix, AZ",Emergency,32.1,3504.44,4.93,13
2025-02-08,"Jacksonville, FL",Cardiology,42.0,2163.69,4.95,45
2025-02-08,"Jacksonville, FL",Neurology,29.6,4797.69,4.63,9
2025-02-08,"Jacksonville, FL",Oncology,17.7,1789.49,4.18,25
2025-02-08,"Jacksonville, FL",Orthopedics,57.9,3113.0,4.89,46
2025-02-08,"Jacksonville, FL",Pediatrics,27.6,4995.28,4.88,8
2025-02-08,"Jacksonville, FL",Emergency,44.6,4906.45,3.02,10
2025-02-09,"Rochester, MN",Cardiology,10.6,1099.49,3.83,48
2025-02-09,"Rochester, MN",Neurology,11.7,1028.3,4.24,31
2025-02-09,"Rochester, MN",Oncology,5.6,1213.56,3.41,1
2025-02-09,"Rochester, MN",Orthopedics,47.2,4249.08,3.66,34
2025-02-09,"Rochester, MN",Pediatrics,48.5,4930.45,3.87,49
2025-02-09,"Rochester, MN",Emergency,26.2,296.38,3.33,19
2025-02-09,"Phoenix, AZ",Cardiology,18.1,2722.96,4.39,16
2025-02-09,"Phoenix, AZ",Neurology,45.5,294.16,4.53,7
2025-02-09,"Phoenix, AZ",Oncology,49.1,4233.96,4.37,8
2025-02-09,"Phoenix, AZ",Orthopedics,27.1,3269.12,4.46,24
2025-02-09,"Phoenix, AZ",Pediatrics,7.5,888.93,4.22,7
2025-02-09,"Phoenix, AZ",Emergency,39.5,3956.63,3.09,26
2025-02-09,"Jacksonville, FL",Cardiology,16.8,4390.2,4.11,13
2025-02-09,"Jacksonville, FL",Neurology,45.7,1609.02,4.63,42
2025-02-09,"Jacksonville, FL",Oncology,32.8,3576.44,4.07,37
2025-02-09,"Jacksonville, FL",Orthopedics,22.4,3478.18,4.67,16
2025-02-09,"Jacksonville, FL",Pediatrics,44.6,646.99,4.34,38
2025-02-09,"Jacksonville, FL",Emergency,58.1,3868.84,3.94,15
2025-02-10,"Rochester, MN",Cardiology,10.2,863.1,3.48,14
2025-02-10,"Rochester, MN",Neurology,8.6,1982.21,3.24,11
2025-02-10,"Rochester, MN",Oncology,5.5,3242.63,4.64,2
2025-02-10,"Rochester, MN",Orthopedics,10.5,4926.93,3.0,5
2025-02-10,"Rochester, MN",Pediatrics,30.6,672.54,3.14,1
2025-02-10,"Rochester, MN",Emergency,38.7,526.73,3.31,13
2025-02-10,"Phoenix, AZ",Cardiology,28.4,611.56,3.59,9
2025-02-10,"Phoenix, AZ",Neurology,25.5,3262.54,3.13,28
2025-02-10,"Phoenix, AZ",Oncology,37.8,4998.42,4.62,17
2025-02-10,"Phoenix, AZ",Orthopedics,42.5,2599.42,3.41,28
2025-02-10,"Phoenix, AZ",Pediatrics,22.6,4169.36,3.31,18
2025-02-10,"Phoenix, AZ",Emergency,11.2,3708.88,4.71,28
2025-02-10,"Jacksonville, FL",Cardiology,18.7,477.02,3.58,38
2025-02-10,"Jacksonville, FL",Neurology,34.7,1922.04,4.85,6
2025-02-10,"Jacksonville, FL",Oncology,27.0,4732.7,3.43,24
2025-02-10,"Jacksonville, FL",Orthopedics,22.4,4501.65,3.57,40
2025-02-10,"Jacksonville, FL",Pediatrics,30.5,337.33,4.52,39
2025-02-10,"Jacksonville, FL",Emergency,54.5,2172.86,4.25,41
2025-02-11,"Rochester, MN",Cardiology,43.0,883.65,3.49,18
2025-02-11,"Rochester, MN",Neurology,47.7,4474.3,4.61,48
2025-02-11,"Rochester, MN",Oncology,49.5,2721.36,4.63,47
2025-02-11,"Rochester, MN",Orthopedics,45.6,2175.79,3.14,23
2025-02-11,"Rochester, MN",Pediatrics,57.5,4681.72,3.54,20
2025-02-11,"Rochester, MN",Emergency,10.1,4190.38,4.48,1
2025-02-11,"Phoenix, AZ",Cardiology,29.3,3669.46,4.7,5
2025-02-11,"Phoenix, AZ",Neurology,20.6,2064.22,4.14,6
2025-02-11,"Phoenix, AZ",Oncology,58.4,3730.13,3.59,14
2025-02-11,"Phoenix, AZ",Orthopedics,48.7,2656.14,3.73,27
2025-02-11,"Phoenix, AZ",Pediatrics,30.2,4045.89,4.28,11
2025-02-11,"Phoenix, AZ",Emergency,40.2,2286.24,3.99,6
2025-02-11,"Jacksonville, FL",Cardiology,39.9,877.42,3.57,37
2025-02-11,"Jacksonville, FL",Neurology,9.6,1776.65,4.51,4
2025-02-11,"Jacksonville, FL",Oncology,11.4,2975.64,3.49,47
2025-02-11,"Jacksonville, FL",Orthopedics,7.1,2350.8,3.7,33
2025-02-11,"Jacksonville, FL",Pediatrics,42.9,2303.94,4.1,33
2025-02-11,"Jacksonville, FL",Emergency,43.9,2126.95,3.2,32
2025-02-12,"Rochester, MN",Cardiology,51.5,4748.04,4.07,2
2025-02-12,"Rochester, MN",Neurology,31.9,2292.35,4.28,19
2025-02-12,"Rochester, MN",Oncology,16.8,2386.65,3.05,6
2025-02-12,"Rochester, MN",Orthopedics,22.4,3753.73,3.64,13
2025-02-12,"Rochester, MN",Pediatrics,45.9,4595.19,4.58,49
2025-02-12,"Rochester, MN",Emergency,51.5,1654.05,3.46,27
2025-02-12,"Phoenix, AZ",Cardiology,40.4,2466.51,3.25,48
2025-02-12,"Phoenix, AZ",Neurology,48.3,493.05,3.83,3
2025-02-12,"Phoenix, AZ",Oncology,37.9,3521.46,4.56,23
2025-02-12,"Phoenix, AZ",Orthopedics,39.9,1434.7,4.65,31
2025-02-12,"Phoenix, AZ",Pediatrics,50.2,2105.76,4.5,25
2025-02-12,"Phoenix, AZ",Emergency,46.0,293.16,3.24,30
2025-02-12,"Jacksonville, FL",Cardiology,45.9,3893.72,4.62,22
2025-02-12,"Jacksonville, FL",Neurology,8.8,2102.71,4.93,22
2025-02-12,"Jacksonville, FL",Oncology,34.8,3366.97,4.32,11
2025-02-12,"Jacksonville, FL",Orthopedics,30.9,4225.24,4.14,48
2025-02-12,"Jacksonville, FL",Pediatrics,59.7,867.29,4.82,5
2025-02-12,"Jacksonville, FL",Emergency,29.8,2482.43,4.3,22
2025-02-13,"Rochester, MN",Cardiology,42.8,1718.45,4.85,10
2025-02-13,"Rochester, MN",Neurology,11.2,799.41,4.18,20
2025-02-13,"Rochester, MN",Oncology,56.9,1488.39,4.71,39
2025-02-13,"Rochester, MN",Orthopedics,19.4,3810.91,4.21,27
2025-02-13,"Rochester, MN",Pediatrics,7.1,504.73,3.43,18
2025-02-13,"Rochester, MN",Emergency,38.3,3606.39,3.98,32
2025-02-13,"Phoenix, AZ",Cardiology,23.6,4793.69,3.95,21
2025-02-13,"Phoenix, AZ",Neurology,5.3,3684.09,4.43,43
2025-02-13,"Phoenix, AZ",Oncology,33.1,3807.24,4.71,32
2025-02-13,"Phoenix, AZ",Orthopedics,51.2,3548.08,3.2,8
2025-02-13,"Phoenix, AZ",Pediatrics,34.2,3516.43,4.64,18
2025-02-13,"Phoenix, AZ",Emergency,54.1,4363.35,4.75,21
2025-02-13,"Jacksonville, FL",Cardiology,26.3,3028.83,3.08,16
2025-02-13,"Jacksonville, FL",Neurology,6.2,1555.62,3.25,22
2025-02-13,"Jacksonville, FL",Oncology,33.2,1673.74,3.95,34
2025-02-13,"Jacksonville, FL",Orthopedics,7.8,1258.46,4.37,24
2025-02-13,"Jacksonville, FL",Pediatrics,52.5,4398.73,3.28,8
2025-02-13,"Jacksonville, FL",Emergency,30.4,4046.65,3.82,49
2025-02-14,"Rochester, MN",Cardiology,40.0,1817.99,3.81,29
2025-02-14,"Rochester, MN",Neurology,22.5,2248.43,4.19,2
2025-02-14,"Rochester, MN",Oncology,54.0,2648.44,3.02,43
2025-02-14,"Rochester, MN",Orthopedics,13.2,2825.49,4.97,50
2025-02-14,"Rochester, MN",Pediatrics,23.5,2718.33,3.7,47
2025-02-14,"Rochester, MN",Emergency,27.5,3907.81,3.13,4
2025-02-14,"Phoenix, AZ",Cardiology,46.8,2263.54,3.99,39
2025-02-14,"Phoenix, AZ",Neurology,44.1,3729.01,3.4,40
2025-02-14,"Phoenix, AZ",Oncology,47.4,3055.73,4.63,47
2025-02-14,"Phoenix, AZ",Orthopedics,31.8,4966.39,3.08,12
2025-02-14,"Phoenix, AZ",Pediatrics,7.0,3835.94,3.11,36
2025-02-14,"Phoenix, AZ",Emergency,14.2,3452.72,4.31,40
2025-02-14,"Jacksonville, FL",Cardiology,9.2,3298.32,3.85,21
2025-02-14,"Jacksonville, FL",Neurology,40.6,3138.13,4.4,33
2025-02-14,"Jacksonville, FL",Oncology,44.4,213.7,4.89,45
2025-02-14,"Jacksonville, FL",Orthopedics,55.9,2171.34,4.3,20
2025-02-14,"Jacksonville, FL",Pediatrics,18.3,382.34,4.23,36
2025-02-14,"Jacksonville, FL",Emergency,40.3,2797.3,4.83,42
2025-02-15,"Rochester, MN",Cardiology,54.2,3162.0,4.98,49
2025-02-15,"Rochester, MN",Neurology,37.5,1001.2,4.42,48
2025-02-15,"Rochester, MN",Oncology,57.7,698.97,3.06,40
2025-02-15,"Rochester, MN",Orthopedics,54.0,3380.75,3.01,22
2025-02-15,"Rochester, MN",Pediatrics,53.8,2870.52,4.95,15
2025-02-15,"Rochester, MN",Emergency,38.3,687.87,4.0,20
2025-02-15,"Phoenix, AZ",Cardiology,59.7,4243.16,4.46,13
2025-02-15,"Phoenix, AZ",Neurology,33.9,2514.03,4.23,25
2025-02-15,"Phoenix, AZ",Oncology,22.1,2354.84,4.21,18
2025-02-15,"Phoenix, AZ",Orthopedics,44.5,3665.21,4.13,44
2025-02-15,"Phoenix, AZ",Pediatrics,50.5,1561.2,4.93,43
2025-02-15,"Phoenix, AZ",Emergency,5.5,2870.32,3.43,26
2025-02-15,"Jacksonville, FL",Cardiology,50.6,3817.78,4.79,8
2025-02-15,"Jacksonville, FL",Neurology,11.2,4253.68,3.01,38
2025-02-15,"Jacksonville, FL",Oncology,53.9,4914.67,3.12,37
2025-02-15,"Jacksonville, FL",Orthopedics,25.7,4106.75,3.22,3
2025-02-15,"Jacksonville, FL",Pediatrics,29.0,2021.89,4.16,50
2025-02-15,"Jacksonville, FL",Emergency,46.8,1752.82,3.8,47
2025-02-16,"Rochester, MN",Cardiology,33.7,1664.62,4.6,13
2025-02-16,"Rochester, MN",Neurology,38.8,2489.75,4.04,48
2025-02-16,"Rochester, MN",Oncology,53.2,4866.32,4.69,1
2025-02-16,"Rochester, MN",Orthopedics,48.2,2181.71,3.84,40
2025-02-16,"Rochester, MN",Pediatrics,26.5,328.54,3.67,17
2025-02-16,"Rochester, MN",Emergency,36.8,2272.01,3.23,25
2025-02-16,"Phoenix, AZ",Cardiology,17.7,4891.38,3.54,8
2025-02-16,"Phoenix, AZ",Neurology,32.3,4453.96,3.11,36
2025-02-16,"Phoenix, AZ",Oncology,11.3,2980.31,4.38,49
2025-02-16,"Phoenix, AZ",Orthopedics,52.6,1734.83,4.55,18
2025-02-16,"Phoenix, AZ",Pediatrics,29.5,957.53,3.08,20
2025-02-16,"Phoenix, AZ",Emergency,47.5,526.78,3.57,6
2025-02-16,"Jacksonville, FL",Cardiology,40.0,1036.23,4.69,6
2025-02-16,"Jacksonville, FL",Neurology,35.3,3331.64,4.5,50
2025-02-16,"Jacksonville, FL",Oncology,15.0,2114.42,4.43,43
2025-02-16,"Jacksonville, FL",Orthopedics,44.7,4186.97,4.33,50
2025-02-16,"Jacksonville, FL",Pediatrics,58.2,1751.2,3.39,21
2025-02-16,"Jacksonville, FL",Emergency,49.7,4492.0,4.33,49
2025-02-17,"Rochester, MN",Cardiology,8.2,3586.73,4.84,21
2025-02-17,"Rochester, MN",Neurology,25.0,4580.79,3.86,49
2025-02-17,"Rochester, MN",Oncology,24.6,986.83,3.91,35
2025-02-17,"Rochester, MN",Orthopedics,37.4,1847.15,3.14,11
2025-02-17,"Rochester, MN",Pediatrics,58.1,905.42,4.63,23
2025-02-17,"Rochester, MN",Emergency,10.2,3270.9,4.14,12
2025-02-17,"Phoenix, AZ",Cardiology,56.9,4660.22,4.68,41
2025-02-17,"Phoenix, AZ",Neurology,31.7,4769.28,4.13,46
2025-02-17,"Phoenix, AZ",Oncology,45.1,2157.55,3.53,35
2025-02-17,"Phoenix, AZ",Orthopedics,28.9,1043.22,4.43,6
2025-02-17,"Phoenix, AZ",Pediatrics,39.6,3900.9,4.82,13
2025-02-17,"Phoenix, AZ",Emergency,17.0,4248.54,3.94,28
2025-02-17,"Jacksonville, FL",Cardiology,35.2,1911.3,3.2,18
2025-02-17,"Jacksonville, FL",Neurology,16.2,2914.76,3.79,45
2025-02-17,"Jacksonville, FL",Oncology,34.7,851.99,4.09,6
2025-02-17,"Jacksonville, FL",Orthopedics,20.1,3785.23,3.68,11
2025-02-17,"Jacksonville, FL",Pediatrics,25.0,213.99,4.94,23
2025-02-17,"Jacksonville, FL",Emergency,9.4,3447.79,3.73,23
2025-02-18,"Rochester, MN",Cardiology,38.9,4659.35,4.33,37
2025-02-18,"Rochester, MN",Neurology,44.0,3855.59,4.09,4
2025-02-18,"Rochester, MN",Oncology,53.7,4282.71,3.06,6
2025-02-18,"Rochester, MN",Orthopedics,38.6,4066.8,4.92,33
2025-02-18,"Rochester, MN",Pediatrics,47.4,3075.47,4.4,31
2025-02-18,"Rochester, MN",Emergency,24.9,1027.83,4.52,33
2025-02-18,"Phoenix, AZ",Cardiology,24.0,1970.52,3.44,28
2025-02-18,"Phoenix, AZ",Neurology,18.2,3468.62,3.93,33
2025-02-18,"Phoenix, AZ",Oncology,54.6,4011.16,3.83,18
2025-02-18,"Phoenix, AZ",Orthopedics,9.3,1710.83,4.07,48
2025-02-18,"Phoenix, AZ",Pediatrics,33.2,4230.81,3.49,34
2025-02-18,"Phoenix, AZ",Emergency,29.2,2562.7,3.26,3
2025-02-18,"Jacksonville, FL",Cardiology,44.5,2939.23,4.41,6
2025-02-18,"Jacksonville, FL",Neurology,12.3,4603.01,4.98,1
2025-02-18,"Jacksonville, FL",Oncology,43.3,1093.04,4.89,49
2025-02-18,"Jacksonville, FL",Orthopedics,15.6,678.32,3.55,8
2025-02-18,"Jacksonville, FL",Pediatrics,32.5,3730.45,4.21,14
2025-02-18,"Jacksonville, FL",Emergency,27.9,3935.97,3.41,50
2025-02-19,"Rochester, MN",Cardiology,32.4,1386.65,3.29,4
2025-02-19,"Rochester, MN",Neurology,9.1,3112.36,4.2,22
2025-02-19,"Rochester, MN",Oncology,42.9,4963.51,3.25,50
2025-02-19,"Rochester, MN",Orthopedics,45.8,4356.84,4.72,40
2025-02-19,"Rochester, MN",Pediatrics,35.0,3761.98,3.39,9
2025-02-19,"Rochester, MN",Emergency,13.2,536.74,3.31,24
2025-02-19,"Phoenix, AZ",Cardiology,18.1,4410.4,4.19,38
2025-02-19,"Phoenix, AZ",Neurology,56.3,885.28,3.85,22
2025-02-19,"Phoenix, AZ",Oncology,36.6,4306.53,4.21,9
2025-02-19,"Phoenix, AZ",Orthopedics,13.9,3659.5,4.99,36
2025-02-19,"Phoenix, AZ",Pediatrics,12.0,4446.2,4.57,3
2025-02-19,"Phoenix, AZ",Emergency,25.7,2302.83,4.44,42
2025-02-19,"Jacksonville, FL",Cardiology,44.5,4028.72,3.7,4
2025-02-19,"Jacksonville, FL",Neurology,12.0,2584.88,3.52,41
2025-02-19,"Jacksonville, FL",Oncology,25.0,2233.66,3.27,16
2025-02-19,"Jacksonville, FL",Orthopedics,14.0,4953.76,4.2,25
2025-02-19,"Jacksonville, FL",Pediatrics,59.4,2409.94,4.08,28
2025-02-19,"Jacksonville, FL",Emergency,59.8,206.09,4.63,13
2025-02-20,"Rochester, MN",Cardiology,56.8,1155.37,4.85,45
2025-02-20,"Rochester, MN",Neurology,49.7,2937.88,3.36,44
2025-02-20,"Rochester, MN",Oncology,51.1,1492.63,3.48,16
2025-02-20,"Rochester, MN",Orthopedics,39.5,4176.16,3.98,5
2025-02-20,"Rochester, MN",Pediatrics,24.2,2503.91,3.77,45
2025-02-20,"Rochester, MN",Emergency,23.0,2395.16,3.45,5
2025-02-20,"Phoenix, AZ",Cardiology,34.3,871.06,4.24,29
2025-02-20,"Phoenix, AZ",Neurology,39.7,3005.99,3.22,5
2025-02-20,"Phoenix, AZ",Oncology,59.2,2341.4,4.32,1
2025-02-20,"Phoenix, AZ",Orthopedics,58.1,2734.92,3.03,36
2025-02-20,"Phoenix, AZ",Pediatrics,8.6,2727.98,3.12,0
2025-02-20,"Phoenix, AZ",Emergency,45.8,4308.51,3.71,6
2025-02-20,"Jacksonville, FL",Cardiology,56.8,3671.41,3.14,8
2025-02-20,"Jacksonville, FL",Neurology,11.7,2030.31,4.66,38
2025-02-20,"Jacksonville, FL",Oncology,40.8,3279.19,3.2,27
2025-02-20,"Jacksonville, FL",Orthopedics,32.0,2572.22,3.84,42
2025-02-20,"Jacksonville, FL",Pediatrics,23.7,725.3,3.59,9
2025-02-20,"Jacksonville, FL",Emergency,52.7,4118.44,3.05,38
2025-02-21,"Rochester, MN",Cardiology,27.9,1363.05,3.59,36
2025-02-21,"Rochester, MN",Neurology,25.1,1272.15,3.5,5
2025-02-21,"Rochester, MN",Oncology,26.3,2885.44,4.98,15
2025-02-21,"Rochester, MN",Orthopedics,19.5,4407.71,4.84,12
2025-02-21,"Rochester, MN",Pediatrics,26.5,1382.03,3.89,48
2025-02-21,"Rochester, MN",Emergency,34.6,1309.5,3.95,16
2025-02-21,"Phoenix, AZ",Cardiology,39.7,4735.31,4.95,28
2025-02-21,"Phoenix, AZ",Neurology,51.2,2128.0,4.51,25
2025-02-21,"Phoenix, AZ",Oncology,27.7,3134.54,4.91,4
2025-02-21,"Phoenix, AZ",Orthopedics,7.7,889.94,3.61,39
2025-02-21,"Phoenix, AZ",Pediatrics,26.2,792.03,4.16,47
2025-02-21,"Phoenix, AZ",Emergency,10.0,4273.94,3.05,41
2025-02-21,"Jacksonville, FL",Cardiology,10.6,595.92,4.47,18
2025-02-21,"Jacksonville, FL",Neurology,11.4,3840.59,3.36,11
2025-02-21,"Jacksonville, FL",Oncology,51.0,3751.33,4.36,28
2025-02-21,"Jacksonville, FL",Orthopedics,27.0,3825.84,4.75,44
2025-02-21,"Jacksonville, FL",Pediatrics,57.7,3511.28,4.67,43
2025-02-21,"Jacksonville, FL",Emergency,13.7,3547.82,3.55,10
2025-02-22,"Rochester, MN",Cardiology,33.4,280.23,3.07,3
2025-02-22,"Rochester, MN",Neurology,42.5,1743.4,3.79,0
2025-02-22,"Rochester, MN",Oncology,53.8,2795.82,3.28,49
2025-02-22,"Rochester, MN",Orthopedics,27.5,1739.16,3.17,39
2025-02-22,"Rochester, MN",Pediatrics,32.7,815.95,4.07,7
2025-02-22,"Rochester, MN",Emergency,49.2,3182.03,3.99,46
2025-02-22,"Phoenix, AZ",Cardiology,40.2,4274.77,4.57,8
2025-02-22,"Phoenix, AZ",Neurology,23.0,517.53,4.95,22
2025-02-22,"Phoenix, AZ",Oncology,7.9,3131.81,4.49,25
2025-02-22,"Phoenix, AZ",Orthopedics,29.8,2481.26,3.07,29
2025-02-22,"Phoenix, AZ",Pediatrics,49.1,4371.45,4.71,50
2025-02-22,"Phoenix, AZ",Emergency,11.5,4346.86,4.25,19
2025-02-22,"Jacksonville, FL",Cardiology,16.5,3469.59,4.35,44
2025-02-22,"Jacksonville, FL",Neurology,5.7,3530.91,3.9,0
2025-02-22,"Jacksonville, FL",Oncology,50.9,745.21,3.97,16
2025-02-22,"Jacksonville, FL",Orthopedics,44.1,4072.39,4.02,49
2025-02-22,"Jacksonville, FL",Pediatrics,49.5,2013.84,3.81,39
2025-02-22,"Jacksonville, FL",Emergency,45.2,2604.63,3.47,30
2025-02-23,"Rochester, MN",Cardiology,56.5,417.92,3.93,44
2025-02-23,"Rochester, MN",Neurology,19.5,3340.29,4.99,15
2025-02-23,"Rochester, MN",Oncology,28.8,549.36,4.34,49
2025-02-23,"Rochester, MN",Orthopedics,51.5,1531.78,3.92,21
2025-02-23,"Rochester, MN",Pediatrics,26.5,2035.14,3.74,34
2025-02-23,"Rochester, MN",Emergency,21.7,3404.84,4.48,48
2025-02-23,"Phoenix, AZ",Cardiology,34.9,1558.56,4.58,22
2025-02-23,"Phoenix, AZ",Neurology,25.3,831.14,4.55,3
2025-02-23,"Phoenix, AZ",Oncology,30.3,1174.72,4.03,27
2025-02-23,"Phoenix, AZ",Orthopedics,34.1,1885.8,4.96,50
2025-02-23,"Phoenix, AZ",Pediatrics,26.1,1981.77,4.62,20
2025-02-23,"Phoenix, AZ",Emergency,48.4,996.49,3.79,16
2025-02-23,"Jacksonville, FL",Cardiology,34.9,1124.22,3.44,38
2025-02-23,"Jacksonville, FL",Neurology,54.1,1324.89,3.11,38
2025-02-23,"Jacksonville, FL",Oncology,43.3,3519.72,4.92,3
2025-02-23,"Jacksonville, FL",Orthopedics,7.7,2822.36,4.39,49
2025-02-23,"Jacksonville, FL",Pediatrics,41.6,1463.03,3.72,17
2025-02-23,"Jacksonville, FL",Emergency,41.7,748.55,4.78,18
2025-02-24,"Rochester, MN",Cardiology,7.8,1414.89,4.25,41
2025-02-24,"Rochester, MN",Neurology,33.7,3157.05,4.02,24
2025-02-24,"Rochester, MN",Oncology,52.2,2620.11,4.52,47
2025-02-24,"Rochester, MN",Orthopedics,35.2,4139.62,3.82,1
2025-02-24,"Rochester, MN",Pediatrics,22.0,4343.74,4.94,41
2025-02-24,"Rochester, MN",Emergency,41.4,4001.09,3.76,15
2025-02-24,"Phoenix, AZ",Cardiology,18.0,2794.35,4.48,37
2025-02-24,"Phoenix, AZ",Neurology,50.3,1623.73,4.7,24
2025-02-24,"Phoenix, AZ",Oncology,7.6,3600.45,3.4,43
2025-02-24,"Phoenix, AZ",Orthopedics,53.9,2954.73,4.9,9
2025-02-24,"Phoenix, AZ",Pediatrics,52.7,555.37,3.98,41
2025-02-24,"Phoenix, AZ",Emergency,9.8,1259.45,3.83,15
2025-02-24,"Jacksonville, FL",Cardiology,10.6,4645.21,4.16,12
2025-02-24,"Jacksonville, FL",Neurology,51.1,4359.73,4.12,3
2025-02-24,"Jacksonville, FL",Oncology,51.1,777.99,4.35,18
2025-02-24,"Jacksonville, FL",Orthopedics,19.6,1192.21,4.92,48
2025-02-24,"Jacksonville, FL",Pediatrics,57.0,2950.78,4.71,46
2025-02-24,"Jacksonville, FL",Emergency,47.7,1409.34,4.65,31
2025-02-25,"Rochester, MN",Cardiology,9.3,1070.42,3.82,5
2025-02-25,"Rochester, MN",Neurology,12.1,1418.43,3.72,40
2025-02-25,"Rochester, MN",Oncology,26.1,2590.87,3.84,14
2025-02-25,"Rochester, MN",Orthopedics,10.8,261.9,4.77,43
2025-02-25,"Rochester, MN",Pediatrics,24.7,4457.13,4.52,38
2025-02-25,"Rochester, MN",Emergency,15.0,1514.5,3.74,27
2025-02-25,"Phoenix, AZ",Cardiology,29.4,2773.93,4.82,33
2025-02-25,"Phoenix, AZ",Neurology,50.0,3101.49,3.57,6
2025-02-25,"Phoenix, AZ",Oncology,25.9,1091.07,3.07,21
2025-02-25,"Phoenix, AZ",Orthopedics,43.7,4521.29,3.41,28
2025-02-25,"Phoenix, AZ",Pediatrics,14.0,4271.08,3.48,28
2025-02-25,"Phoenix, AZ",Emergency,36.2,1077.48,4.96,35
2025-02-25,"Jacksonville, FL",Cardiology,25.7,4449.6,4.27,40
2025-02-25,"Jacksonville, FL",Neurology,54.2,3917.06,3.2,31
2025-02-25,"Jacksonville, FL",Oncology,18.4,4484.33,4.03,1
2025-02-25,"Jacksonville, FL",Orthopedics,6.4,769.28,3.91,36
2025-02-25,"Jacksonville, FL",Pediatrics,57.0,337.1,3.8,21
2025-02-25,"Jacksonville, FL",Emergency,24.7,3730.91,4.63,46
2025-02-26,"Rochester, MN",Cardiology,9.2,1013.1,4.76,37
2025-02-26,"Rochester, MN",Neurology,34.0,791.73,4.23,14
2025-02-26,"Rochester, MN",Oncology,19.9,869.16,4.76,44
2025-02-26,"Rochester, MN",Orthopedics,50.0,2711.67,3.61,5
2025-02-26,"Rochester, MN",Pediatrics,20.3,4966.7,3.89,29
2025-02-26,"Rochester, MN",Emergency,29.2,579.42,3.66,2
2025-02-26,"Phoenix, AZ",Cardiology,55.0,241.93,4.47,42
2025-02-26,"Phoenix, AZ",Neurology,5.8,4340.79,3.7,23
2025-02-26,"Phoenix, AZ",Oncology,21.1,1532.11,4.2,35
2025-02-26,"Phoenix, AZ",Orthopedics,36.3,4174.62,3.82,11
2025-02-26,"Phoenix, AZ",Pediatrics,20.1,4522.39,3.93,17
2025-02-26,"Phoenix, AZ",Emergency,7.5,1007.56,4.53,34
2025-02-26,"Jacksonville, FL",Cardiology,46.4,4863.29,4.66,26
2025-02-26,"Jacksonville, FL",Neurology,33.8,4347.17,4.68,7
2025-02-26,"Jacksonville, FL",Oncology,8.6,2663.01,3.65,36
2025-02-26,"Jacksonville, FL",Orthopedics,33.4,862.2,3.51,49
2025-02-26,"Jacksonville, FL",Pediatrics,39.5,1328.04,3.92,34
2025-02-26,"Jacksonville, FL",Emergency,47.3,2625.39,4.18,45
2025-02-27,"Rochester, MN",Cardiology,53.6,266.05,4.55,50
2025-02-27,"Rochester, MN",Neurology,16.5,1504.48,4.07,0
2025-02-27,"Rochester, MN",Oncology,10.1,1838.12,3.06,13
2025-02-27,"Rochester, MN",Orthopedics,17.7,2071.24,3.09,27
2025-02-27,"Rochester, MN",Pediatrics,27.4,376.87,3.18,19
2025-02-27,"Rochester, MN",Emergency,35.7,2889.69,4.33,23
2025-02-27,"Phoenix, AZ",Cardiology,29.4,4372.78,4.43,48
2025-02-27,"Phoenix, AZ",Neurology,20.1,2712.4,3.43,42
2025-02-27,"Phoenix, AZ",Oncology,17.4,4936.55,4.62,17
2025-02-27,"Phoenix, AZ",Orthopedics,9.5,4776.0,3.21,21
2025-02-27,"Phoenix, AZ",Pediatrics,49.9,1766.29,4.32,41
2025-02-27,"Phoenix, AZ",Emergency,58.4,3348.72,3.73,45
2025-02-27,"Jacksonville, FL",Cardiology,25.2,2629.13,4.6,49
2025-02-27,"Jacksonville, FL",Neurology,6.0,487.51,4.23,22
2025-02-27,"Jacksonville, FL",Oncology,32.3,201.89,3.25,2
2025-02-27,"Jacksonville, FL",Orthopedics,31.8,3264.27,4.03,9
2025-02-27,"Jacksonville, FL",Pediatrics,28.7,4957.86,4.87,33
2025-02-27,"Jacksonville, FL",Emergency,8.5,1751.94,3.36,7
2025-02-28,"Rochester, MN",Cardiology,57.5,1563.61,4.74,11
2025-02-28,"Rochester, MN",Neurology,32.3,259.21,3.72,37
2025-02-28,"Rochester, MN",Oncology,45.3,3486.2,4.37,32
2025-02-28,"Rochester, MN",Orthopedics,48.8,597.42,4.15,5
2025-02-28,"Rochester, MN",Pediatrics,16.5,4194.62,3.56,22
2025-02-28,"Rochester, MN",Emergency,13.6,4212.01,4.83,16
2025-02-28,"Phoenix, AZ",Cardiology,35.6,2401.27,3.11,44
2025-02-28,"Phoenix, AZ",Neurology,8.6,4129.7,3.98,40
2025-02-28,"Phoenix, AZ",Oncology,17.7,4529.62,3.19,47
2025-02-28,"Phoenix, AZ",Orthopedics,56.2,793.18,3.17,12
2025-02-28,"Phoenix, AZ",Pediatrics,56.5,1416.15,3.24,49
2025-02-28,"Phoenix, AZ",Emergency,45.3,3551.53,3.08,27
2025-02-28,"Jacksonville, FL",Cardiology,38.1,1929.03,4.6,3
2025-02-28,"Jacksonville, FL",Neurology,16.0,1764.16,3.99,47
2025-02-28,"Jacksonville, FL",Oncology,27.0,3901.6,4.43,33
2025-02-28,"Jacksonville, FL",Orthopedics,42.9,2234.43,4.12,14
2025-02-28,"Jacksonville, FL",Pediatrics,14.5,844.6,3.11,1
2025-02-28,"Jacksonville, FL",Emergency,6.4,2483.25,3.29,47
2025-03-01,"Rochester, MN",Cardiology,49.6,3008.48,3.48,40
2025-03-01,"Rochester, MN",Neurology,20.8,2154.62,3.6,32
2025-03-01,"Rochester, MN",Oncology,21.2,1134.25,3.76,5
2025-03-01,"Rochester, MN",Orthopedics,25.0,1754.71,3.97,44
2025-03-01,"Rochester, MN",Pediatrics,36.5,4754.1,4.96,8
2025-03-01,"Rochester, MN",Emergency,8.0,2115.31,3.55,46
2025-03-01,"Phoenix, AZ",Cardiology,49.5,1655.92,3.05,20
2025-03-01,"Phoenix, AZ",Neurology,29.8,4962.72,4.11,31
2025-03-01,"Phoenix, AZ",Oncology,37.9,4996.69,4.25,50
2025-03-01,"Phoenix, AZ",Orthopedics,47.7,2460.98,4.05,7
2025-03-01,"Phoenix, AZ",Pediatrics,38.4,1796.6,4.25,50
2025-03-01,"Phoenix, AZ",Emergency,42.0,207.06,4.73,40
2025-03-01,"Jacksonville, FL",Cardiology,53.1,1014.09,4.2,25
2025-03-01,"Jacksonville, FL",Neurology,12.0,755.88,4.96,46
2025-03-01,"Jacksonville, FL",Oncology,52.8,4243.99,4.58,5
2025-03-01,"Jacksonville, FL",Orthopedics,17.7,323.06,3.99,20
2025-03-01,"Jacksonville, FL",Pediatrics,38.0,3714.16,4.76,29
2025-03-01,"Jacksonville, FL",Emergency,14.0,4431.94,3.41,11
2025-03-02,"Rochester, MN",Cardiology,52.7,1109.65,4.24,27
2025-03-02,"Rochester, MN",Neurology,54.0,1161.87,3.88,26
2025-03-02,"Rochester, MN",Oncology,56.3,2972.53,4.8,28
2025-03-02,"Rochester, MN",Orthopedics,58.8,4751.77,4.59,17
2025-03-02,"Rochester, MN",Pediatrics,12.4,3530.18,3.53,7
2025-03-02,"Rochester, MN",Emergency,16.9,2170.26,4.67,8
2025-03-02,"Phoenix, AZ",Cardiology,45.2,925.94,4.76,38
2025-03-02,"Phoenix, AZ",Neurology,19.7,2050.38,3.55,22
2025-03-02,"Phoenix, AZ",Oncology,27.2,2374.72,3.38,37
2025-03-02,"Phoenix, AZ",Orthopedics,38.4,1919.55,3.65,30
2025-03-02,"Phoenix, AZ",Pediatrics,10.0,3601.05,3.37,10
2025-03-02,"Phoenix, AZ",Emergency,18.7,399.29,3.6,4
2025-03-02,"Jacksonville, FL",Cardiology,24.7,2291.16,3.13,17
2025-03-02,"Jacksonville, FL",Neurology,23.4,3208.55,4.27,8
2025-03-02,"Jacksonville, FL",Oncology,15.9,337.36,4.39,12
2025-03-02,"Jacksonville, FL",Orthopedics,38.9,223.83,3.99,45
2025-03-02,"Jacksonville, FL",Pediatrics,19.2,3094.22,4.69,35
2025-03-02,"Jacksonville, FL",Emergency,48.2,4435.42,4.07,8
2025-03-03,"Rochester, MN",Cardiology,59.7,2000.01,4.14,2
2025-03-03,"Rochester, MN",Neurology,31.8,530.58,4.28,46
2025-03-03,"Rochester, MN",Oncology,8.7,2947.07,4.54,28
2025-03-03,"Rochester, MN",Orthopedics,46.5,2486.73,3.58,42
2025-03-03,"Rochester, MN",Pediatrics,58.6,3000.77,3.41,11
2025-03-03,"Rochester, MN",Emergency,51.9,1611.49,3.81,37
2025-03-03,"Phoenix, AZ",Cardiology,44.5,4774.86,4.54,10
2025-03-03,"Phoenix, AZ",Neurology,5.0,3870.36,3.68,39
2025-03-03,"Phoenix, AZ",Oncology,44.6,4306.59,3.48,37
2025-03-03,"Phoenix, AZ",Orthopedics,29.9,2627.05,4.83,24
2025-03-03,"Phoenix, AZ",Pediatrics,6.8,1723.37,3.37,2
2025-03-03,"Phoenix, AZ",Emergency,58.9,1926.2,3.06,11
2025-03-03,"Jacksonville, FL",Cardiology,11.6,1751.74,3.94,27
2025-03-03,"Jacksonville, FL",Neurology,28.8,3097.66,3.57,32
2025-03-03,"Jacksonville, FL",Oncology,57.5,4163.14,3.13,11
2025-03-03,"Jacksonville, FL",Orthopedics,14.3,1209.98,3.15,9
2025-03-03,"Jacksonville, FL",Pediatrics,43.6,352.63,4.04,20
2025-03-03,"Jacksonville, FL",Emergency,33.2,995.61,3.74,25
2025-03-04,"Rochester, MN",Cardiology,13.7,4267.01,4.45,36
2025-03-04,"Rochester, MN",Neurology,12.0,1731.26,4.3,9
2025-03-04,"Rochester, MN",Oncology,16.8,1620.2,3.24,1
2025-03-04,"Rochester, MN",Orthopedics,31.3,4006.41,4.12,34
2025-03-04,"Rochester, MN",Pediatrics,53.9,2403.95,4.76,31
2025-03-04,"Rochester, MN",Emergency,24.7,1303.87,4.66,11
2025-03-04,"Phoenix, AZ",Cardiology,28.8,1789.42,4.96,38
2025-03-04,"Phoenix, AZ",Neurology,10.5,1173.36,4.19,24
2025-03-04,"Phoenix, AZ",Oncology,55.1,3205.04,4.19,20
2025-03-04,"Phoenix, AZ",Orthopedics,43.0,4367.28,3.39,13
2025-03-04,"Phoenix, AZ",Pediatrics,43.7,3176.42,4.66,26
2025-03-04,"Phoenix, AZ",Emergency,46.5,4138.49,4.95,18
2025-03-04,"Jacksonville, FL",Cardiology,48.8,2306.67,4.51,23
2025-03-04,"Jacksonville, FL",Neurology,15.6,1572.3,4.71,24
2025-03-04,"Jacksonville, FL",Oncology,47.9,4562.75,4.92,31
2025-03-04,"Jacksonville, FL",Orthopedics,33.9,4054.17,4.19,43
2025-03-04,"Jacksonville, FL",Pediatrics,37.4,4439.7,4.34,17
2025-03-04,"Jacksonville, FL",Emergency,6.3,1683.03,4.29,10
2025-03-05,"Rochester, MN",Cardiology,19.7,1803.19,4.42,27
2025-03-05,"Rochester, MN",Neurology,9.2,1837.09,4.06,25
2025-03-05,"Rochester, MN",Oncology,35.5,2515.93,3.48,40
2025-03-05,"Rochester, MN",Orthopedics,37.3,1824.9,4.03,16
2025-03-05,"Rochester, MN",Pediatrics,42.6,4156.74,4.15,16
2025-03-05,"Rochester, MN",Emergency,18.7,600.07,4.63,20
2025-03-05,"Phoenix, AZ",Cardiology,10.2,2013.93,3.39,3
2025-03-05,"Phoenix, AZ",Neurology,43.4,1774.79,3.75,49
2025-03-05,"Phoenix, AZ",Oncology,59.1,4993.11,4.84,43
2025-03-05,"Phoenix, AZ",Orthopedics,40.5,3751.41,3.18,36
2025-03-05,"Phoenix, AZ",Pediatrics,54.4,4264.34,4.96,4
2025-03-05,"Phoenix, AZ",Emergency,56.1,3930.05,3.41,39
2025-03-05,"Jacksonville, FL",Cardiology,37.2,2105.76,4.64,36
2025-03-05,"Jacksonville, FL",Neurology,36.1,4052.35,3.9,19
2025-03-05,"Jacksonville, FL",Oncology,30.3,3926.39,3.62,8
2025-03-05,"Jacksonville, FL",Orthopedics,50.7,2777.52,3.94,35
2025-03-05,"Jacksonville, FL",Pediatrics,25.7,3826.13,3.33,11
2025-03-05,"Jacksonville, FL",Emergency,31.2,1040.2,4.16,22
2025-03-06,"Rochester, MN",Cardiology,14.9,958.21,3.27,9
2025-03-06,"Rochester, MN",Neurology,50.0,2103.0,3.91,8
2025-03-06,"Rochester, MN",Oncology,7.4,4961.35,4.04,30
2025-03-06,"Rochester, MN",Orthopedics,36.2,3346.35,4.05,32
2025-03-06,"Rochester, MN",Pediatrics,47.5,775.29,4.66,34
2025-03-06,"Rochester, MN",Emergency,59.1,4421.03,4.78,37
2025-03-06,"Phoenix, AZ",Cardiology,44.8,2579.43,3.56,29
2025-03-06,"Phoenix, AZ",Neurology,31.3,679.68,4.04,46
2025-03-06,"Phoenix, AZ",Oncology,23.5,1929.42,3.01,36
2025-03-06,"Phoenix, AZ",Orthopedics,37.7,1164.81,4.56,39
2025-03-06,"Phoenix, AZ",Pediatrics,20.0,4034.06,4.76,4
2025-03-06,"Phoenix, AZ",Emergency,39.9,2136.68,3.16,8
2025-03-06,"Jacksonville, FL",Cardiology,19.4,2144.52,4.56,15
2025-03-06,"Jacksonville, FL",Neurology,15.7,3938.38,3.59,1
2025-03-06,"Jacksonville, FL",Oncology,47.6,3419.68,3.83,31
2025-03-06,"Jacksonville, FL",Orthopedics,32.9,1325.36,4.73,48
2025-03-06,"Jacksonville, FL",Pediatrics,25.4,2067.33,4.08,9
2025-03-06,"Jacksonville, FL",Emergency,7.3,2476.41,4.36,31
2025-03-07,"Rochester, MN",Cardiology,33.8,938.35,3.02,3
2025-03-07,"Rochester, MN",Neurology,37.3,3183.18,3.18,23
2025-03-07,"Rochester, MN",Oncology,36.8,3871.83,4.46,27
2025-03-07,"Rochester, MN",Orthopedics,23.1,2376.28,3.58,46
2025-03-07,"Rochester, MN",Pediatrics,55.0,4118.05,4.84,30
2025-03-07,"Rochester, MN",Emergency,19.8,367.11,4.84,47
2025-03-07,"Phoenix, AZ",Cardiology,47.5,826.85,4.88,26
2025-03-07,"Phoenix, AZ",Neurology,40.5,2652.97,3.73,44
2025-03-07,"Phoenix, AZ",Oncology,53.5,4431.71,3.46,50
2025-03-07,"Phoenix, AZ",Orthopedics,22.3,1671.36,4.34,6
2025-03-07,"Phoenix, AZ",Pediatrics,34.1,1496.99,4.49,3
2025-03-07,"Phoenix, AZ",Emergency,47.5,365.9,4.71,3
2025-03-07,"Jacksonville, FL",Cardiology,31.6,1001.97,4.79,10
2025-03-07,"Jacksonville, FL",Neurology,54.8,3210.12,4.72,49
2025-03-07,"Jacksonville, FL",Oncology,56.0,4815.4,3.17,18
2025-03-07,"Jacksonville, FL",Orthopedics,7.3,784.44,3.62,36
2025-03-07,"Jacksonville, FL",Pediatrics,27.6,4254.78,3.77,33
2025-03-07,"Jacksonville, FL",Emergency,50.3,3747.94,4.75,23
2025-03-08,"Rochester, MN",Cardiology,37.1,1287.62,4.23,44
2025-03-08,"Rochester, MN",Neurology,30.2,983.98,3.02,2
2025-03-08,"Rochester, MN",Oncology,5.5,2324.33,4.08,11
2025-03-08,"Rochester, MN",Orthopedics,59.2,3417.87,3.92,11
2025-03-08,"Rochester, MN",Pediatrics,8.1,3413.27,3.78,10
2025-03-08,"Rochester, MN",Emergency,41.0,3145.87,3.24,0
2025-03-08,"Phoenix, AZ",Cardiology,47.1,782.99,4.89,43
2025-03-08,"Phoenix, AZ",Neurology,17.4,4297.74,4.2,9
2025-03-08,"Phoenix, AZ",Oncology,35.2,1968.59,4.4,9
2025-03-08,"Phoenix, AZ",Orthopedics,8.2,3066.28,3.6,44
2025-03-08,"Phoenix, AZ",Pediatrics,47.1,4024.08,3.69,28
2025-03-08,"Phoenix, AZ",Emergency,49.2,3647.49,3.79,32
2025-03-08,"Jacksonville, FL",Cardiology,56.1,776.82,4.57,26
2025-03-08,"Jacksonville, FL",Neurology,54.6,1443.53,3.53,13
2025-03-08,"Jacksonville, FL",Oncology,6.2,4697.77,3.18,37
2025-03-08,"Jacksonville, FL",Orthopedics,51.8,1526.85,4.68,4
2025-03-08,"Jacksonville, FL",Pediatrics,7.3,2264.27,3.94,10
2025-03-08,"Jacksonville, FL",Emergency,7.3,4049.26,3.02,15
2025-03-09,"Rochester, MN",Cardiology,9.2,4944.76,3.97,2
2025-03-09,"Rochester, MN",Neurology,36.2,4922.87,3.88,14
2025-03-09,"Rochester, MN",Oncology,39.6,2591.01,3.2,27
2025-03-09,"Rochester, MN",Orthopedics,46.0,4403.08,3.43,6
2025-03-09,"Rochester, MN",Pediatrics,37.9,995.11,4.86,0
2025-03-09,"Rochester, MN",Emergency,10.1,2504.01,4.29,2
2025-03-09,"Phoenix, AZ",Cardiology,12.1,2924.84,4.11,15
2025-03-09,"Phoenix, AZ",Neurology,11.6,347.8,4.05,45
2025-03-09,"Phoenix, AZ",Oncology,32.2,3442.16,3.7,40
2025-03-09,"Phoenix, AZ",Orthopedics,24.4,667.79,4.08,8
2025-03-09,"Phoenix, AZ",Pediatrics,40.0,3761.18,4.91,37
2025-03-09,"Phoenix, AZ",Emergency,52.2,439.02,4.3,19
2025-03-09,"Jacksonville, FL",Cardiology,45.7,4362.29,4.0,1
2025-03-09,"Jacksonville, FL",Neurology,34.9,230.96,4.69,46
2025-03-09,"Jacksonville, FL",Oncology,42.5,3167.49,3.38,17
2025-03-09,"Jacksonville, FL",Orthopedics,5.0,4264.46,3.11,38
2025-03-09,"Jacksonville, FL",Pediatrics,37.9,2501.61,3.93,27
2025-03-09,"Jacksonville, FL",Emergency,51.6,1427.52,4.62,7
2025-03-10,"Rochester, MN",Cardiology,11.9,2235.73,5.0,20
2025-03-10,"Rochester, MN",Neurology,30.1,2050.44,3.98,37
2025-03-10,"Rochester, MN",Oncology,17.9,1420.26,4.18,20
2025-03-10,"Rochester, MN",Orthopedics,24.7,2616.36,4.19,31
2025-03-10,"Rochester, MN",Pediatrics,34.5,4781.26,4.05,19
2025-03-10,"Rochester, MN",Emergency,11.1,895.75,3.87,22
2025-03-10,"Phoenix, AZ",Cardiology,51.0,4405.9,4.24,34
2025-03-10,"Phoenix, AZ",Neurology,57.0,2043.35,3.56,44
2025-03-10,"Phoenix, AZ",Oncology,16.8,293.43,3.85,19
2025-03-10,"Phoenix, AZ",Orthopedics,48.6,3201.39,3.09,39
2025-03-10,"Phoenix, AZ",Pediatrics,54.5,3389.09,3.3,23
2025-03-10,"Phoenix, AZ",Emergency,19.2,1324.94,3.71,21
2025-03-10,"Jacksonville, FL",Cardiology,11.6,816.52,4.8,24
2025-03-10,"Jacksonville, FL",Neurology,21.1,4556.67,4.45,9
2025-03-10,"Jacksonville, FL",Oncology,35.1,1019.02,3.54,29
2025-03-10,"Jacksonville, FL",Orthopedics,5.6,2053.46,4.67,14
2025-03-10,"Jacksonville, FL",Pediatrics,20.2,4929.79,3.27,24
2025-03-10,"Jacksonville, FL",Emergency,26.9,241.57,3.33,39
2025-03-11,"Rochester, MN",Cardiology,5.2,1556.31,4.29,2
2025-03-11,"Rochester, MN",Neurology,43.1,2085.13,3.66,33
2025-03-11,"Rochester, MN",Oncology,19.4,3016.41,4.81,39
2025-03-11,"Rochester, MN",Orthopedics,5.7,3937.11,4.9,47
2025-03-11,"Rochester, MN",Pediatrics,58.3,2980.46,4.59,12
2025-03-11,"Rochester, MN",Emergency,56.8,4343.56,3.22,49
2025-03-11,"Phoenix, AZ",Cardiology,46.2,3353.73,4.02,18
2025-03-11,"Phoenix, AZ",Neurology,41.9,3387.1,4.02,30
2025-03-11,"Phoenix, AZ",Oncology,7.7,3537.0,4.97,28
2025-03-11,"Phoenix, AZ",Orthopedics,39.9,1174.98,3.74,5
2025-03-11,"Phoenix, AZ",Pediatrics,17.9,591.39,3.27,27
2025-03-11,"Phoenix, AZ",Emergency,10.9,4558.9,4.64,0
2025-03-11,"Jacksonville, FL",Cardiology,27.5,1564.78,4.47,24
2025-03-11,"Jacksonville, FL",Neurology,57.1,3358.87,3.36,43
2025-03-11,"Jacksonville, FL",Oncology,34.0,265.73,4.41,1
2025-03-11,"Jacksonville, FL",Orthopedics,50.7,2543.39,4.47,49
2025-03-11,"Jacksonville, FL",Pediatrics,44.2,1686.54,4.55,17
2025-03-11,"Jacksonville, FL",Emergency,15.8,3589.59,4.03,2
2025-03-12,"Rochester, MN",Cardiology,17.0,3343.03,3.1,43
2025-03-12,"Rochester, MN",Neurology,20.9,1112.88,4.39,41
2025-03-12,"Rochester, MN",Oncology,5.3,825.46,3.92,14
2025-03-12,"Rochester, MN",Orthopedics,16.3,2650.98,3.07,6
2025-03-12,"Rochester, MN",Pediatrics,11.9,2954.55,3.17,31
2025-03-12,"Rochester, MN",Emergency,32.4,2174.39,4.8,33
2025-03-12,"Phoenix, AZ",Cardiology,35.7,1395.88,4.35,37
2025-03-12,"Phoenix, AZ",Neurology,31.5,2834.79,4.37,6
2025-03-12,"Phoenix, AZ",Oncology,11.6,4654.13,3.33,39
2025-03-12,"Phoenix, AZ",Orthopedics,12.0,552.84,3.72,49
2025-03-12,"Phoenix, AZ",Pediatrics,47.6,1247.05,3.13,43
2025-03-12,"Phoenix, AZ",Emergency,6.4,273.29,4.66,20
2025-03-12,"Jacksonville, FL",Cardiology,40.3,4485.06,4.29,2
2025-03-12,"Jacksonville, FL",Neurology,22.7,337.21,4.42,39
2025-03-12,"Jacksonville, FL",Oncology,27.1,3962.83,4.3,22
2025-03-12,"Jacksonville, FL",Orthopedics,50.5,4601.38,3.49,1
2025-03-12,"Jacksonville, FL",Pediatrics,41.3,543.99,3.82,9
2025-03-12,"Jacksonville, FL",Emergency,27.5,453.64,3.64,40
2025-03-13,"Rochester, MN",Cardiology,51.1,3542.46,3.06,6
2025-03-13,"Rochester, MN",Neurology,24.8,3297.0,3.38,5
2025-03-13,"Rochester, MN",Oncology,19.4,724.71,4.55,20
2025-03-13,"Rochester, MN",Orthopedics,42.4,1430.73,3.49,48
2025-03-13,"Rochester, MN",Pediatrics,49.8,4080.34,4.11,8
2025-03-13,"Rochester, MN",Emergency,20.3,4159.52,3.77,13
2025-03-13,"Phoenix, AZ",Cardiology,53.2,2506.45,3.48,24
2025-03-13,"Phoenix, AZ",Neurology,58.2,1835.88,3.53,39
2025-03-13,"Phoenix, AZ",Oncology,38.5,2208.76,3.71,26
2025-03-13,"Phoenix, AZ",Orthopedics,52.8,4567.92,4.9,4
2025-03-13,"Phoenix, AZ",Pediatrics,12.1,1128.54,4.62,48
2025-03-13,"Phoenix, AZ",Emergency,17.3,204.39,3.13,26
2025-03-13,"Jacksonville, FL",Cardiology,16.3,3465.49,4.17,3
2025-03-13,"Jacksonville, FL",Neurology,14.4,810.83,3.34,42
2025-03-13,"Jacksonville, FL",Oncology,49.8,992.36,4.32,43
2025-03-13,"Jacksonville, FL",Orthopedics,21.9,1568.33,4.97,43
2025-03-13,"Jacksonville, FL",Pediatrics,37.0,3382.69,4.52,46
2025-03-13,"Jacksonville, FL",Emergency,30.2,2662.58,3.16,39
2025-03-14,"Rochester, MN",Cardiology,13.0,2978.1,4.25,4
2025-03-14,"Rochester, MN",Neurology,7.2,4376.51,3.9,37
2025-03-14,"Rochester, MN",Oncology,44.8,470.0,3.2,34
2025-03-14,"Rochester, MN",Orthopedics,51.5,1711.63,4.47,13
2025-03-14,"Rochester, MN",Pediatrics,13.5,3852.91,3.18,15
2025-03-14,"Rochester, MN",Emergency,36.0,3650.24,3.64,21
2025-03-14,"Phoenix, AZ",Cardiology,22.5,3641.45,4.89,5
2025-03-14,"Phoenix, AZ",Neurology,58.9,4408.25,3.49,13
2025-03-14,"Phoenix, AZ",Oncology,48.1,1254.73,4.61,44
2025-03-14,"Phoenix, AZ",Orthopedics,14.5,1766.87,3.66,40
2025-03-14,"Phoenix, AZ",Pediatrics,56.5,2626.07,4.27,17
2025-03-14,"Phoenix, AZ",Emergency,29.4,2707.72,4.85,41
2025-03-14,"Jacksonville, FL",Cardiology,22.4,1899.65,4.83,12
2025-03-14,"Jacksonville, FL",Neurology,13.2,4104.06,3.11,21
2025-03-14,"Jacksonville, FL",Oncology,17.7,2893.61,3.2,18
2025-03-14,"Jacksonville, FL",Orthopedics,23.3,1824.63,4.38,18
2025-03-14,"Jacksonville, FL",Pediatrics,20.9,3727.56,4.5,47
2025-03-14,"Jacksonville, FL",Emergency,55.1,4202.61,3.73,50
2025-03-15,"Rochester, MN",Cardiology,7.0,496.02,4.02,39
2025-03-15,"Rochester, MN",Neurology,43.2,300.87,4.48,36
2025-03-15,"Rochester, MN",Oncology,47.0,2655.23,4.94,46
2025-03-15,"Rochester, MN",Orthopedics,47.1,4109.05,3.18,17
2025-03-15,"Rochester, MN",Pediatrics,15.7,3450.82,3.96,44
2025-03-15,"Rochester, MN",Emergency,40.0,2134.34,3.99,17
2025-03-15,"Phoenix, AZ",Cardiology,43.7,1516.65,4.44,43
2025-03-15,"Phoenix, AZ",Neurology,56.4,1661.2,3.05,12
2025-03-15,"Phoenix, AZ",Oncology,20.0,3102.55,4.5,44
2025-03-15,"Phoenix, AZ",Orthopedics,23.4,2629.41,3.02,29
2025-03-15,"Phoenix, AZ",Pediatrics,56.5,3791.97,4.3,46
2025-03-15,"Phoenix, AZ",Emergency,34.6,2966.79,3.08,20
2025-03-15,"Jacksonville, FL",Cardiology,23.5,2960.44,3.47,42
2025-03-15,"Jacksonville, FL",Neurology,47.2,857.62,4.61,29
2025-03-15,"Jacksonville, FL",Oncology,58.9,3497.77,3.64,25
2025-03-15,"Jacksonville, FL",Orthopedics,11.6,313.22,3.38,16
2025-03-15,"Jacksonville, FL",Pediatrics,16.6,4666.96,3.99,35
2025-03-15,"Jacksonville, FL",Emergency,41.5,1070.39,3.22,27
2025-03-16,"Rochester, MN",Cardiology,19.4,2515.66,3.39,21
2025-03-16,"Rochester, MN",Neurology,25.2,3871.29,4.91,41
2025-03-16,"Rochester, MN",Oncology,49.3,940.47,3.22,47
2025-03-16,"Rochester, MN",Orthopedics,37.4,3641.93,4.08,4
2025-03-16,"Rochester, MN",Pediatrics,28.0,4454.67,4.68,41
2025-03-16,"Rochester, MN",Emergency,50.1,4034.94,3.93,30
2025-03-16,"Phoenix, AZ",Cardiology,41.2,2748.19,4.42,46
2025-03-16,"Phoenix, AZ",Neurology,8.1,2851.19,4.36,2
2025-03-16,"Phoenix, AZ",Oncology,20.9,2559.68,4.02,27
2025-03-16,"Phoenix, AZ",Orthopedics,5.8,2961.51,3.44,12
2025-03-16,"Phoenix, AZ",Pediatrics,13.6,3798.32,4.99,7
2025-03-16,"Phoenix, AZ",Emergency,31.3,390.01,3.11,11
2025-03-16,"Jacksonville, FL",Cardiology,18.4,2286.36,4.29,50
2025-03-16,"Jacksonville, FL",Neurology,35.3,1686.34,3.04,34
2025-03-16,"Jacksonville, FL",Oncology,45.3,856.31,4.76,33
2025-03-16,"Jacksonville, FL",Orthopedics,44.6,459.43,4.81,3
2025-03-16,"Jacksonville, FL",Pediatrics,45.9,4166.47,4.89,37
2025-03-16,"Jacksonville, FL",Emergency,36.3,2421.54,3.31,10
2025-03-17,"Rochester, MN",Cardiology,20.5,297.98,4.78,37
2025-03-17,"Rochester, MN",Neurology,26.1,3268.28,4.61,42
2025-03-17,"Rochester, MN",Oncology,38.8,2753.67,4.84,27
2025-03-17,"Rochester, MN",Orthopedics,5.9,797.95,4.38,25
2025-03-17,"Rochester, MN",Pediatrics,34.5,3456.33,3.87,6
2025-03-17,"Rochester, MN",Emergency,19.9,2703.81,3.49,47
2025-03-17,"Phoenix, AZ",Cardiology,33.2,433.24,4.01,41
2025-03-17,"Phoenix, AZ",Neurology,13.5,4864.75,4.51,31
2025-03-17,"Phoenix, AZ",Oncology,39.3,4237.65,3.53,39
2025-03-17,"Phoenix, AZ",Orthopedics,23.8,4549.29,4.77,32
2025-03-17,"Phoenix, AZ",Pediatrics,49.2,2704.52,3.11,3
2025-03-17,"Phoenix, AZ",Emergency,40.6,2957.42,4.33,29
2025-03-17,"Jacksonville, FL",Cardiology,38.0,2260.3,3.2,29
2025-03-17,"Jacksonville, FL",Neurology,39.8,4051.1,3.48,48
2025-03-17,"Jacksonville, FL",Oncology,39.0,4307.65,3.53,32
2025-03-17,"Jacksonville, FL",Orthopedics,39.1,4211.32,4.32,12
2025-03-17,"Jacksonville, FL",Pediatrics,11.2,1931.52,4.64,15
2025-03-17,"Jacksonville, FL",Emergency,27.8,2001.44,4.73,43
2025-03-18,"Rochester, MN",Cardiology,28.0,815.51,4.7,3
2025-03-18,"Rochester, MN",Neurology,39.1,2741.04,4.01,23
2025-03-18,"Rochester, MN",Oncology,5.6,3283.55,3.73,4
2025-03-18,"Rochester, MN",Orthopedics,8.9,1567.92,4.21,6
2025-03-18,"Rochester, MN",Pediatrics,45.0,2192.09,3.48,40
2025-03-18,"Rochester, MN",Emergency,22.3,4492.49,3.5,44
2025-03-18,"Phoenix, AZ",Cardiology,55.8,3447.66,4.93,32
2025-03-18,"Phoenix, AZ",Neurology,51.7,3947.63,4.2,13
2025-03-18,"Phoenix, AZ",Oncology,53.6,3592.74,4.09,15
2025-03-18,"Phoenix, AZ",Orthopedics,20.8,3815.2,4.85,16
2025-03-18,"Phoenix, AZ",Pediatrics,54.6,1468.7,4.32,14
2025-03-18,"Phoenix, AZ",Emergency,18.2,2341.23,4.88,23
2025-03-18,"Jacksonville, FL",Cardiology,54.4,3003.71,3.46,38
2025-03-18,"Jacksonville, FL",Neurology,9.4,4747.98,3.19,17
2025-03-18,"Jacksonville, FL",Oncology,24.6,1234.64,3.02,43
2025-03-18,"Jacksonville, FL",Orthopedics,26.3,1934.29,3.85,8
2025-03-18,"Jacksonville, FL",Pediatrics,31.0,2944.15,3.89,18
2025-03-18,"Jacksonville, FL",Emergency,48.8,1899.96,4.84,37
2025-03-19,"Rochester, MN",Cardiology,36.1,1072.85,3.12,6
2025-03-19,"Rochester, MN",Neurology,25.0,4777.07,4.11,46
2025-03-19,"Rochester, MN",Oncology,41.9,4087.79,3.82,44
2025-03-19,"Rochester, MN",Orthopedics,42.9,4928.72,3.43,41
2025-03-19,"Rochester, MN",Pediatrics,7.9,3243.87,4.53,43
2025-03-19,"Rochester, MN",Emergency,54.6,295.28,4.25,43
2025-03-19,"Phoenix, AZ",Cardiology,33.5,2234.96,3.1,40
2025-03-19,"Phoenix, AZ",Neurology,42.1,4667.72,3.49,25
2025-03-19,"Phoenix, AZ",Oncology,29.3,233.71,4.06,6
2025-03-19,"Phoenix, AZ",Orthopedics,24.0,4310.64,3.95,43
2025-03-19,"Phoenix, AZ",Pediatrics,40.9,875.02,4.78,12
2025-03-19,"Phoenix, AZ",Emergency,11.4,1375.26,3.31,2
2025-03-19,"Jacksonville, FL",Cardiology,46.2,1165.32,3.05,43
2025-03-19,"Jacksonville, FL",Neurology,54.4,2085.63,4.87,4
2025-03-19,"Jacksonville, FL",Oncology,54.6,1687.78,4.83,7
2025-03-19,"Jacksonville, FL",Orthopedics,50.2,3789.1,4.42,0
2025-03-19,"Jacksonville, FL",Pediatrics,5.5,1779.64,3.56,39
2025-03-19,"Jacksonville, FL",Emergency,5.2,1610.39,3.88,9
2025-03-20,"Rochester, MN",Cardiology,50.7,2048.59,4.07,3
2025-03-20,"Rochester, MN",Neurology,33.7,3649.37,4.5,8
2025-03-20,"Rochester, MN",Oncology,48.5,2470.36,4.12,42
2025-03-20,"Rochester, MN",Orthopedics,57.5,826.09,4.92,6
2025-03-20,"Rochester, MN",Pediatrics,19.5,2509.61,4.61,40
2025-03-20,"Rochester, MN",Emergency,22.8,1334.06,4.18,4
2025-03-20,"Phoenix, AZ",Cardiology,41.9,1856.27,3.51,16
2025-03-20,"Phoenix, AZ",Neurology,16.1,4834.39,4.31,41
2025-03-20,"Phoenix, AZ",Oncology,12.2,2678.17,4.41,16
2025-03-20,"Phoenix, AZ",Orthopedics,44.9,1982.6,4.56,20
2025-03-20,"Phoenix, AZ",Pediatrics,58.9,1833.86,4.6,18
2025-03-20,"Phoenix, AZ",Emergency,43.7,3108.23,4.61,19
2025-03-20,"Jacksonville, FL",Cardiology,21.8,4328.2,3.28,18
2025-03-20,"Jacksonville, FL",Neurology,26.1,3977.7,3.09,14
2025-03-20,"Jacksonville, FL",Oncology,13.4,4303.67,3.19,29
2025-03-20,"Jacksonville, FL",Orthopedics,51.6,4270.57,3.88,13
2025-03-20,"Jacksonville, FL",Pediatrics,9.8,4422.33,3.51,20
2025-03-20,"Jacksonville, FL",Emergency,42.4,1744.67,3.69,34
2025-03-21,"Rochester, MN",Cardiology,46.7,2450.18,4.25,24
2025-03-21,"Rochester, MN",Neurology,55.6,2253.7,4.18,40
2025-03-21,"Rochester, MN",Oncology,21.0,1780.33,4.17,35
2025-03-21,"Rochester, MN",Orthopedics,10.2,4518.89,3.54,45
2025-03-21,"Rochester, MN",Pediatrics,34.9,2853.59,4.64,44
2025-03-21,"Rochester, MN",Emergency,15.6,1352.66,3.67,17
2025-03-21,"Phoenix, AZ",Cardiology,33.6,2603.53,4.5,41
2025-03-21,"Phoenix, AZ",Neurology,9.9,1321.58,3.91,5
2025-03-21,"Phoenix, AZ",Oncology,23.8,420.52,4.95,21
2025-03-21,"Phoenix, AZ",Orthopedics,44.8,474.25,4.05,22
2025-03-21,"Phoenix, AZ",Pediatrics,54.6,3884.65,4.16,19
2025-03-21,"Phoenix, AZ",Emergency,29.6,3493.13,3.85,38
2025-03-21,"Jacksonville, FL",Cardiology,15.3,319.24,4.01,47
2025-03-21,"Jacksonville, FL",Neurology,37.9,1047.37,3.57,13
2025-03-21,"Jacksonville, FL",Oncology,16.7,2948.2,4.69,23
2025-03-21,"Jacksonville, FL",Orthopedics,12.6,1342.59,4.76,39
2025-03-21,"Jacksonville, FL",Pediatrics,17.2,1809.35,4.39,20
2025-03-21,"Jacksonville, FL",Emergency,59.0,1005.98,3.57,42
2025-03-22,"Rochester, MN",Cardiology,38.3,3034.44,3.07,21
2025-03-22,"Rochester, MN",Neurology,44.4,1796.8,4.24,48
2025-03-22,"Rochester, MN",Oncology,17.2,2913.49,4.68,33
2025-03-22,"Rochester, MN",Orthopedics,19.1,3371.45,4.54,17
2025-03-22,"Rochester, MN",Pediatrics,35.4,3426.36,4.4,11
2025-03-22,"Rochester, MN",Emergency,41.0,1365.59,4.39,49
2025-03-22,"Phoenix, AZ",Cardiology,55.9,1119.25,3.13,36
2025-03-22,"Phoenix, AZ",Neurology,24.5,3096.75,3.05,25
2025-03-22,"Phoenix, AZ",Oncology,57.6,2268.58,4.12,3
2025-03-22,"Phoenix, AZ",Orthopedics,58.9,3822.58,4.09,44
2025-03-22,"Phoenix, AZ",Pediatrics,7.9,2840.66,3.67,45
2025-03-22,"Phoenix, AZ",Emergency,40.0,3762.17,3.28,24
2025-03-22,"Jacksonville, FL",Cardiology,28.7,647.92,3.89,33
2025-03-22,"Jacksonville, FL",Neurology,44.1,3911.33,4.79,31
2025-03-22,"Jacksonville, FL",Oncology,42.6,4934.99,3.19,0
2025-03-22,"Jacksonville, FL",Orthopedics,42.4,1531.32,4.66,32
2025-03-22,"Jacksonville, FL",Pediatrics,6.1,2427.9,4.64,9
2025-03-22,"Jacksonville, FL",Emergency,23.6,282.62,3.65,18
2025-03-23,"Rochester, MN",Cardiology,54.1,3720.76,3.23,45
2025-03-23,"Rochester, MN",Neurology,33.1,3755.49,3.98,38
2025-03-23,"Rochester, MN",Oncology,12.1,4323.23,4.36,1
2025-03-23,"Rochester, MN",Orthopedics,19.1,3525.69,4.94,47
2025-03-23,"Rochester, MN",Pediatrics,46.1,1506.57,3.12,20
2025-03-23,"Rochester, MN",Emergency,29.9,971.83,3.2,41
2025-03-23,"Phoenix, AZ",Cardiology,37.6,1788.03,3.88,11
2025-03-23,"Phoenix, AZ",Neurology,11.2,728.82,4.09,11
2025-03-23,"Phoenix, AZ",Oncology,26.4,3067.4,4.66,7
2025-03-23,"Phoenix, AZ",Orthopedics,29.6,3926.59,4.54,33
2025-03-23,"Phoenix, AZ",Pediatrics,54.2,819.05,4.08,48
2025-03-23,"Phoenix, AZ",Emergency,17.1,760.23,4.91,0
2025-03-23,"Jacksonville, FL",Cardiology,38.4,1422.72,4.79,11
2025-03-23,"Jacksonville, FL",Neurology,11.5,360.05,3.46,22
2025-03-23,"Jacksonville, FL",Oncology,40.9,1508.63,4.01,29
2025-03-23,"Jacksonville, FL",Orthopedics,34.3,863.99,4.1,29
2025-03-23,"Jacksonville, FL",Pediatrics,17.9,2368.88,4.43,28
2025-03-23,"Jacksonville, FL",Emergency,44.8,459.34,3.26,7
2025-03-24,"Rochester, MN",Cardiology,20.0,4524.37,3.52,0
2025-03-24,"Rochester, MN",Neurology,17.1,2404.31,3.6,32
2025-03-24,"Rochester, MN",Oncology,33.9,2145.8,4.02,46
2025-03-24,"Rochester, MN",Orthopedics,45.1,4215.25,4.0,3
2025-03-24,"Rochester, MN",Pediatrics,55.8,3010.84,3.3,41
2025-03-24,"Rochester, MN",Emergency,22.9,2619.03,3.83,50
2025-03-24,"Phoenix, AZ",Cardiology,23.0,2806.86,4.45,42
2025-03-24,"Phoenix, AZ",Neurology,5.7,1578.6,3.91,42
2025-03-24,"Phoenix, AZ",Oncology,39.5,1502.94,4.18,13
2025-03-24,"Phoenix, AZ",Orthopedics,59.2,689.72,3.56,16
2025-03-24,"Phoenix, AZ",Pediatrics,37.4,1186.9,3.42,10
2025-03-24,"Phoenix, AZ",Emergency,31.8,4902.98,3.7,48
2025-03-24,"Jacksonville, FL",Cardiology,13.4,4071.2,4.56,4
2025-03-24,"Jacksonville, FL",Neurology,16.7,639.75,4.87,20
2025-03-24,"Jacksonville, FL",Oncology,13.2,2665.84,4.98,34
2025-03-24,"Jacksonville, FL",Orthopedics,45.2,4644.16,3.71,35
2025-03-24,"Jacksonville, FL",Pediatrics,40.1,2984.27,3.89,37
2025-03-24,"Jacksonville, FL",Emergency,35.7,2876.89,3.24,50
2025-03-25,"Rochester, MN",Cardiology,42.7,676.75,4.5,49
2025-03-25,"Rochester, MN",Neurology,13.6,3039.64,4.39,40
2025-03-25,"Rochester, MN",Oncology,14.8,1940.36,3.6,47
2025-03-25,"Rochester, MN",Orthopedics,6.6,2230.3,3.99,47
2025-03-25,"Rochester, MN",Pediatrics,34.0,2103.1,4.25,35
2025-03-25,"Rochester, MN",Emergency,51.3,1495.74,4.92,15
2025-03-25,"Phoenix, AZ",Cardiology,16.8,2353.86,3.38,44
2025-03-25,"Phoenix, AZ",Neurology,34.1,343.12,4.01,34
2025-03-25,"Phoenix, AZ",Oncology,34.9,2114.01,4.07,40
2025-03-25,"Phoenix, AZ",Orthopedics,28.4,4559.97,4.45,33
2025-03-25,"Phoenix, AZ",Pediatrics,33.5,2320.03,4.47,47
2025-03-25,"Phoenix, AZ",Emergency,53.9,1688.69,4.05,25
2025-03-25,"Jacksonville, FL",Cardiology,44.3,329.19,3.09,4
2025-03-25,"Jacksonville, FL",Neurology,56.1,443.1,3.18,23
2025-03-25,"Jacksonville, FL",Oncology,58.1,2063.32,4.74,22
2025-03-25,"Jacksonville, FL",Orthopedics,42.2,2608.55,3.26,15
2025-03-25,"Jacksonville, FL",Pediatrics,6.3,2671.41,4.11,50
2025-03-25,"Jacksonville, FL",Emergency,26.1,3338.11,4.25,33
2025-03-26,"Rochester, MN",Cardiology,48.1,4734.33,4.85,27
2025-03-26,"Rochester, MN",Neurology,28.6,4194.18,3.69,2
2025-03-26,"Rochester, MN",Oncology,37.8,319.12,3.31,24
2025-03-26,"Rochester, MN",Orthopedics,37.0,3948.31,3.56,32
2025-03-26,"Rochester, MN",Pediatrics,37.9,3401.64,3.58,45
2025-03-26,"Rochester, MN",Emergency,41.0,900.81,3.68,10
2025-03-26,"Phoenix, AZ",Cardiology,16.2,4674.12,4.72,35
2025-03-26,"Phoenix, AZ",Neurology,20.5,951.66,3.21,37
2025-03-26,"Phoenix, AZ",Oncology,13.1,2920.93,4.48,30
2025-03-26,"Phoenix, AZ",Orthopedics,7.5,4196.45,4.68,27
2025-03-26,"Phoenix, AZ",Pediatrics,25.4,4048.97,3.13,40
2025-03-26,"Phoenix, AZ",Emergency,34.2,1854.11,3.47,8
2025-03-26,"Jacksonville, FL",Cardiology,34.4,4235.56,4.1,49
2025-03-26,"Jacksonville, FL",Neurology,47.1,323.96,3.85,30
2025-03-26,"Jacksonville, FL",Oncology,34.0,3319.43,4.21,7
2025-03-26,"Jacksonville, FL",Orthopedics,44.4,1901.81,3.39,39
2025-03-26,"Jacksonville, FL",Pediatrics,57.1,2073.64,4.26,36
2025-03-26,"Jacksonville, FL",Emergency,14.6,541.12,4.1,16
2025-03-27,"Rochester, MN",Cardiology,30.0,1710.22,4.95,7
2025-03-27,"Rochester, MN",Neurology,24.1,4243.39,4.8,9
2025-03-27,"Rochester, MN",Oncology,36.0,3176.76,3.01,19
2025-03-27,"Rochester, MN",Orthopedics,47.6,1942.98,4.09,37
2025-03-27,"Rochester, MN",Pediatrics,34.8,4882.4,3.32,16
2025-03-27,"Rochester, MN",Emergency,42.3,2256.06,4.64,26
2025-03-27,"Phoenix, AZ",Cardiology,48.7,3529.92,4.76,28
2025-03-27,"Phoenix, AZ",Neurology,56.0,2321.79,3.89,25
2025-03-27,"Phoenix, AZ",Oncology,57.9,718.64,4.42,25
2025-03-27,"Phoenix, AZ",Orthopedics,20.2,4996.45,3.18,3
2025-03-27,"Phoenix, AZ",Pediatrics,25.9,4517.22,3.07,29
2025-03-27,"Phoenix, AZ",Emergency,17.8,3399.74,3.08,32
2025-03-27,"Jacksonville, FL",Cardiology,55.2,1865.69,4.27,45
2025-03-27,"Jacksonville, FL",Neurology,6.7,4141.24,4.62,3
2025-03-27,"Jacksonville, FL",Oncology,25.6,414.16,4.29,45
2025-03-27,"Jacksonville, FL",Orthopedics,17.7,4526.9,3.57,48
2025-03-27,"Jacksonville, FL",Pediatrics,37.7,4888.51,4.04,28
2025-03-27,"Jacksonville, FL",Emergency,36.8,2299.64,3.48,2
2025-03-28,"Rochester, MN",Cardiology,52.9,924.45,4.31,4
2025-03-28,"Rochester, MN",Neurology,43.6,1917.19,3.15,11
2025-03-28,"Rochester, MN",Oncology,44.0,1777.48,3.34,23
2025-03-28,"Rochester, MN",Orthopedics,9.8,2219.5,3.86,27
2025-03-28,"Rochester, MN",Pediatrics,50.4,3896.47,4.14,0
2025-03-28,"Rochester, MN",Emergency,37.5,1133.1,4.81,32
2025-03-28,"Phoenix, AZ",Cardiology,36.5,4882.15,4.84,45
2025-03-28,"Phoenix, AZ",Neurology,27.5,602.68,4.02,17
2025-03-28,"Phoenix, AZ",Oncology,18.9,2278.85,4.18,0
2025-03-28,"Phoenix, AZ",Orthopedics,33.0,1473.48,4.0,5
2025-03-28,"Phoenix, AZ",Pediatrics,57.1,4609.36,4.87,50
2025-03-28,"Phoenix, AZ",Emergency,35.8,2274.46,3.08,21
2025-03-28,"Jacksonville, FL",Cardiology,20.5,2206.02,3.5,30
2025-03-28,"Jacksonville, FL",Neurology,55.5,3208.59,4.45,3
2025-03-28,"Jacksonville, FL",Oncology,48.5,4433.73,4.65,11
2025-03-28,"Jacksonville, FL",Orthopedics,9.8,2933.22,4.59,2
2025-03-28,"Jacksonville, FL",Pediatrics,38.6,1247.34,3.75,26
2025-03-28,"Jacksonville, FL",Emergency,20.1,503.93,3.5,20
2025-03-29,"Rochester, MN",Cardiology,30.4,4189.52,4.8,13
2025-03-29,"Rochester, MN",Neurology,5.4,4999.63,4.96,10
2025-03-29,"Rochester, MN",Oncology,59.3,1588.73,4.73,3
2025-03-29,"Rochester, MN",Orthopedics,40.6,2340.52,3.03,8
2025-03-29,"Rochester, MN",Pediatrics,10.8,1210.61,4.33,1
2025-03-29,"Rochester, MN",Emergency,26.8,2485.59,3.66,0
2025-03-29,"Phoenix, AZ",Cardiology,12.1,1552.07,3.83,32
2025-03-29,"Phoenix, AZ",Neurology,41.0,980.13,3.94,12
2025-03-29,"Phoenix, AZ",Oncology,59.0,2297.82,5.0,36
2025-03-29,"Phoenix, AZ",Orthopedics,43.6,3172.56,4.15,26
2025-03-29,"Phoenix, AZ",Pediatrics,29.4,2173.5,3.14,42
2025-03-29,"Phoenix, AZ",Emergency,47.1,4566.32,3.41,37
2025-03-29,"Jacksonville, FL",Cardiology,6.9,3437.35,3.49,22
2025-03-29,"Jacksonville, FL",Neurology,41.6,3377.61,3.19,27
2025-03-29,"Jacksonville, FL",Oncology,21.7,709.2,3.58,48
2025-03-29,"Jacksonville, FL",Orthopedics,59.6,3237.28,4.18,6
2025-03-29,"Jacksonville, FL",Pediatrics,51.5,937.19,4.2,36
2025-03-29,"Jacksonville, FL",Emergency,37.6,3260.82,4.82,21
2025-03-30,"Rochester, MN",Cardiology,26.2,397.81,3.58,14
2025-03-30,"Rochester, MN",Neurology,46.1,4778.72,3.51,7
2025-03-30,"Rochester, MN",Oncology,49.6,1481.99,3.06,30
2025-03-30,"Rochester, MN",Orthopedics,43.0,3707.41,3.24,42
2025-03-30,"Rochester, MN",Pediatrics,36.6,4858.25,4.23,10
2025-03-30,"Rochester, MN",Emergency,33.0,880.74,4.39,10
2025-03-30,"Phoenix, AZ",Cardiology,7.1,658.48,4.21,15
2025-03-30,"Phoenix, AZ",Neurology,53.7,4459.94,4.23,4
2025-03-30,"Phoenix, AZ",Oncology,32.8,3627.08,4.52,6
2025-03-30,"Phoenix, AZ",Orthopedics,28.8,1346.55,3.48,23
2025-03-30,"Phoenix, AZ",Pediatrics,23.8,1723.58,3.2,33
2025-03-30,"Phoenix, AZ",Emergency,8.3,1857.21,4.99,45
2025-03-30,"Jacksonville, FL",Cardiology,45.2,1245.02,4.54,34
2025-03-30,"Jacksonville, FL",Neurology,8.1,1882.94,4.43,39
2025-03-30,"Jacksonville, FL",Oncology,11.0,3270.9,3.97,33
2025-03-30,"Jacksonville, FL",Orthopedics,42.6,1490.34,3.98,43
2025-03-30,"Jacksonville, FL",Pediatrics,51.3,4805.82,3.39,34
2025-03-30,"Jacksonville, FL",Emergency,23.9,387.46,3.15,42
2025-03-31,"Rochester, MN",Cardiology,59.7,4463.23,4.15,12
2025-03-31,"Rochester, MN",Neurology,23.7,1821.33,4.93,28
2025-03-31,"Rochester, MN",Oncology,39.1,4726.23,4.15,32
2025-03-31,"Rochester, MN",Orthopedics,25.0,3208.38,3.25,9
2025-03-31,"Rochester, MN",Pediatrics,58.2,3864.32,3.79,46
2025-03-31,"Rochester, MN",Emergency,24.8,1767.1,3.33,37
2025-03-31,"Phoenix, AZ",Cardiology,40.1,3653.72,4.45,47
2025-03-31,"Phoenix, AZ",Neurology,33.2,1104.22,4.77,41
2025-03-31,"Phoenix, AZ",Oncology,15.8,3994.28,3.11,11
2025-03-31,"Phoenix, AZ",Orthopedics,20.9,3514.27,4.92,42
2025-03-31,"Phoenix, AZ",Pediatrics,30.7,3514.52,3.37,13
2025-03-31,"Phoenix, AZ",Emergency,52.3,4810.68,4.46,49
2025-03-31,"Jacksonville, FL",Cardiology,12.6,4250.93,4.26,40
2025-03-31,"Jacksonville, FL",Neurology,54.5,2085.73,3.14,39
2025-03-31,"Jacksonville, FL",Oncology,31.9,1368.16,3.44,16
2025-03-31,"Jacksonville, FL",Orthopedics,54.3,3373.56,3.34,36
2025-03-31,"Jacksonville, FL",Pediatrics,20.8,2184.85,3.12,23
2025-03-31,"Jacksonville, FL",Emergency,57.3,4880.59,3.7,2
2025-04-01,"Rochester, MN",Cardiology,54.5,1764.61,3.3,30
2025-04-01,"Rochester, MN",Neurology,6.4,4482.37,3.86,14
2025-04-01,"Rochester, MN",Oncology,55.4,4325.2,3.24,32
2025-04-01,"Rochester, MN",Orthopedics,28.4,4513.12,4.95,12
2025-04-01,"Rochester, MN",Pediatrics,52.6,4250.55,4.87,14
2025-04-01,"Rochester, MN",Emergency,10.4,3110.96,3.31,4
2025-04-01,"Phoenix, AZ",Cardiology,56.1,2855.63,4.13,23
2025-04-01,"Phoenix, AZ",Neurology,51.9,1137.89,4.64,34
2025-04-01,"Phoenix, AZ",Oncology,25.2,2928.84,3.27,17
2025-04-01,"Phoenix, AZ",Orthopedics,39.3,3970.59,4.16,27
2025-04-01,"Phoenix, AZ",Pediatrics,58.2,1951.81,4.29,11
2025-04-01,"Phoenix, AZ",Emergency,25.1,1327.72,4.23,23
2025-04-01,"Jacksonville, FL",Cardiology,35.8,1504.22,3.17,22
2025-04-01,"Jacksonville, FL",Neurology,49.3,1525.56,3.41,25
2025-04-01,"Jacksonville, FL",Oncology,8.5,1918.62,4.44,41
2025-04-01,"Jacksonville, FL",Orthopedics,19.9,3837.91,4.19,39
2025-04-01,"Jacksonville, FL",Pediatrics,19.7,3764.73,4.77,36
2025-04-01,"Jacksonville, FL",Emergency,33.8,1348.02,3.93,34
2025-04-02,"Rochester, MN",Cardiology,26.4,1573.5,4.35,41
2025-04-02,"Rochester, MN",Neurology,11.0,836.3,3.56,8
2025-04-02,"Rochester, MN",Oncology,59.9,2020.6,3.08,5
2025-04-02,"Rochester, MN",Orthopedics,40.1,3232.82,3.47,36
2025-04-02,"Rochester, MN",Pediatrics,27.4,3789.07,3.66,23
2025-04-02,"Rochester, MN",Emergency,18.1,4030.39,4.3,31
2025-04-02,"Phoenix, AZ",Cardiology,18.2,2700.63,3.12,15
2025-04-02,"Phoenix, AZ",Neurology,53.6,2379.57,4.21,28
2025-04-02,"Phoenix, AZ",Oncology,42.0,4916.13,4.36,3
2025-04-02,"Phoenix, AZ",Orthopedics,35.6,3132.1,4.42,49
2025-04-02,"Phoenix, AZ",Pediatrics,56.5,1467.98,4.86,11
2025-04-02,"Phoenix, AZ",Emergency,56.1,3518.9,3.53,13
2025-04-02,"Jacksonville, FL",Cardiology,17.3,4861.8,3.29,39
2025-04-02,"Jacksonville, FL",Neurology,38.3,668.5,3.29,48
2025-04-02,"Jacksonville, FL",Oncology,36.2,448.95,4.3,16
2025-04-02,"Jacksonville, FL",Orthopedics,50.1,1044.74,3.61,18
2025-04-02,"Jacksonville, FL",Pediatrics,17.7,3659.45,4.53,39
2025-04-02,"Jacksonville, FL",Emergency,29.5,3454.09,4.18,46
2025-04-03,"Rochester, MN",Cardiology,47.4,2598.62,3.84,30
2025-04-03,"Rochester, MN",Neurology,8.7,4760.47,3.47,7
2025-04-03,"Rochester, MN",Oncology,17.5,2332.44,3.14,8
2025-04-03,"Rochester, MN",Orthopedics,50.9,3039.67,3.08,2
2025-04-03,"Rochester, MN",Pediatrics,45.1,1993.05,3.89,22
2025-04-03,"Rochester, MN",Emergency,45.2,621.35,3.99,35
2025-04-03,"Phoenix, AZ",Cardiology,31.4,4043.05,3.96,14
2025-04-03,"Phoenix, AZ",Neurology,25.5,3427.95,3.44,13
2025-04-03,"Phoenix, AZ",Oncology,31.3,3962.93,3.21,39
2025-04-03,"Phoenix, AZ",Orthopedics,39.2,3896.91,4.21,0
2025-04-03,"Phoenix, AZ",Pediatrics,29.3,1531.87,4.98,10
2025-04-03,"Phoenix, AZ",Emergency,47.8,3761.94,4.51,45
2025-04-03,"Jacksonville, FL",Cardiology,24.3,1924.84,3.22,48
2025-04-03,"Jacksonville, FL",Neurology,24.0,342.72,4.99,31
2025-04-03,"Jacksonville, FL",Oncology,8.6,479.25,4.04,4
2025-04-03,"Jacksonville, FL",Orthopedics,52.5,2792.74,4.12,11
2025-04-03,"Jacksonville, FL",Pediatrics,32.7,2016.59,4.87,43
2025-04-03,"Jacksonville, FL",Emergency,18.1,1203.61,3.7,37
2025-04-04,"Rochester, MN",Cardiology,22.9,2269.96,3.36,46
2025-04-04,"Rochester, MN",Neurology,53.5,1452.1,3.86,31
2025-04-04,"Rochester, MN",Oncology,55.2,3006.47,3.95,18
2025-04-04,"Rochester, MN",Orthopedics,14.5,1265.19,4.29,23
2025-04-04,"Rochester, MN",Pediatrics,39.9,2371.94,3.34,29
2025-04-04,"Rochester, MN",Emergency,43.7,1834.78,4.03,23
2025-04-04,"Phoenix, AZ",Cardiology,56.8,2236.5,4.62,38
2025-04-04,"Phoenix, AZ",Neurology,54.8,1662.08,4.57,43
2025-04-04,"Phoenix, AZ",Oncology,10.9,944.32,4.0,15
2025-04-04,"Phoenix, AZ",Orthopedics,29.6,1747.5,3.92,13
2025-04-04,"Phoenix, AZ",Pediatrics,10.0,444.81,3.78,15
2025-04-04,"Phoenix, AZ",Emergency,17.4,2255.77,3.44,1
2025-04-04,"Jacksonville, FL",Cardiology,22.5,640.95,4.75,29
2025-04-04,"Jacksonville, FL",Neurology,37.1,347.08,4.19,35
2025-04-04,"Jacksonville, FL",Oncology,40.2,722.26,4.34,30
2025-04-04,"Jacksonville, FL",Orthopedics,13.4,381.21,3.52,50
2025-04-04,"Jacksonville, FL",Pediatrics,26.1,3701.83,4.38,37
2025-04-04,"Jacksonville, FL",Emergency,16.6,939.53,3.11,28
2025-04-05,"Rochester, MN",Cardiology,53.1,1397.12,4.02,28
2025-04-05,"Rochester, MN",Neurology,32.0,3333.02,3.58,43
2025-04-05,"Rochester, MN",Oncology,46.7,1798.85,4.35,27
2025-04-05,"Rochester, MN",Orthopedics,18.9,596.68,4.24,43
2025-04-05,"Rochester, MN",Pediatrics,11.0,4569.46,3.16,21
2025-04-05,"Rochester, MN",Emergency,5.6,3281.53,4.58,10
2025-04-05,"Phoenix, AZ",Cardiology,52.2,4090.66,4.58,8
2025-04-05,"Phoenix, AZ",Neurology,37.2,2041.1,4.63,34
2025-04-05,"Phoenix, AZ",Oncology,32.5,4398.4,4.49,6
2025-04-05,"Phoenix, AZ",Orthopedics,27.9,1482.9,4.67,46
2025-04-05,"Phoenix, AZ",Pediatrics,48.5,2946.02,4.83,39
2025-04-05,"Phoenix, AZ",Emergency,23.1,4363.87,4.89,25
2025-04-05,"Jacksonville, FL",Cardiology,37.0,4191.66,4.25,32
2025-04-05,"Jacksonville, FL",Neurology,52.1,4954.98,3.96,15
2025-04-05,"Jacksonville, FL",Oncology,22.8,4352.03,4.03,29
2025-04-05,"Jacksonville, FL",Orthopedics,18.0,1314.67,4.4,39
2025-04-05,"Jacksonville, FL",Pediatrics,38.4,4598.04,4.07,11
2025-04-05,"Jacksonville, FL",Emergency,17.9,2165.12,4.63,35
2025-04-06,"Rochester, MN",Cardiology,50.2,1594.76,4.97,16
2025-04-06,"Rochester, MN",Neurology,11.1,3799.94,3.72,49
2025-04-06,"Rochester, MN",Oncology,29.4,1067.12,4.26,15
2025-04-06,"Rochester, MN",Orthopedics,24.3,2350.48,3.33,36
2025-04-06,"Rochester, MN",Pediatrics,21.0,885.29,3.45,18
2025-04-06,"Rochester, MN",Emergency,23.1,3407.33,4.67,42
2025-04-06,"Phoenix, AZ",Cardiology,34.4,1382.78,3.51,13
2025-04-06,"Phoenix, AZ",Neurology,11.7,4070.69,4.08,24
2025-04-06,"Phoenix, AZ",Oncology,53.0,3699.8,4.78,45
2025-04-06,"Phoenix, AZ",Orthopedics,10.0,1466.38,3.68,3
2025-04-06,"Phoenix, AZ",Pediatrics,45.9,4388.11,3.14,44
2025-04-06,"Phoenix, AZ",Emergency,33.6,260.39,3.3,47
2025-04-06,"Jacksonville, FL",Cardiology,20.2,1456.51,3.48,11
2025-04-06,"Jacksonville, FL",Neurology,5.9,1505.97,4.73,32
2025-04-06,"Jacksonville, FL",Oncology,30.7,3202.66,3.53,44
2025-04-06,"Jacksonville, FL",Orthopedics,21.0,3986.34,4.05,32
2025-04-06,"Jacksonville, FL",Pediatrics,8.7,4181.47,4.66,24
2025-04-06,"Jacksonville, FL",Emergency,22.2,4311.79,3.44,39
2025-04-07,"Rochester, MN",Cardiology,29.5,1628.6,3.81,31
2025-04-07,"Rochester, MN",Neurology,50.0,3216.2,3.06,17
2025-04-07,"Rochester, MN",Oncology,42.4,2995.95,3.25,36
2025-04-07,"Rochester, MN",Orthopedics,17.1,3460.76,4.29,36
2025-04-07,"Rochester, MN",Pediatrics,19.9,4544.68,4.33,29
2025-04-07,"Rochester, MN",Emergency,5.8,4814.5,4.66,44
2025-04-07,"Phoenix, AZ",Cardiology,57.5,3280.77,4.64,39
2025-04-07,"Phoenix, AZ",Neurology,53.9,734.3,3.2,35
2025-04-07,"Phoenix, AZ",Oncology,52.3,3546.69,4.95,46
2025-04-07,"Phoenix, AZ",Orthopedics,37.7,2253.58,3.92,21
2025-04-07,"Phoenix, AZ",Pediatrics,24.4,4407.68,3.05,9
2025-04-07,"Phoenix, AZ",Emergency,44.1,3476.02,3.0,35
2025-04-07,"Jacksonville, FL",Cardiology,5.7,813.65,4.96,47
2025-04-07,"Jacksonville, FL",Neurology,13.3,4138.61,4.66,38
2025-04-07,"Jacksonville, FL",Oncology,41.6,502.88,4.7,48
2025-04-07,"Jacksonville, FL",Orthopedics,39.4,813.15,4.66,39
2025-04-07,"Jacksonville, FL",Pediatrics,54.5,3107.01,4.1,36
2025-04-07,"Jacksonville, FL",Emergency,15.4,438.93,4.08,38
2025-04-08,"Rochester, MN",Cardiology,22.8,1472.4,3.59,15
2025-04-08,"Rochester, MN",Neurology,26.4,4751.68,3.31,27
2025-04-08,"Rochester, MN",Oncology,26.4,4498.89,3.09,20
2025-04-08,"Rochester, MN",Orthopedics,22.7,2874.07,4.45,20
2025-04-08,"Rochester, MN",Pediatrics,52.1,3668.6,4.82,37
2025-04-08,"Rochester, MN",Emergency,58.6,3574.72,3.63,24
2025-04-08,"Phoenix, AZ",Cardiology,57.3,3999.17,3.16,49
2025-04-08,"Phoenix, AZ",Neurology,33.3,2899.6,3.24,37
2025-04-08,"Phoenix, AZ",Oncology,7.1,480.49,4.75,48
2025-04-08,"Phoenix, AZ",Orthopedics,22.2,3777.41,3.44,38
2025-04-08,"Phoenix, AZ",Pediatrics,30.3,4828.88,3.02,41
2025-04-08,"Phoenix, AZ",Emergency,5.1,677.14,3.45,7
2025-04-08,"Jacksonville, FL",Cardiology,30.4,2455.23,3.06,18
2025-04-08,"Jacksonville, FL",Neurology,38.1,2074.6,4.82,23
2025-04-08,"Jacksonville, FL",Oncology,42.0,3595.82,4.37,11
2025-04-08,"Jacksonville, FL",Orthopedics,32.8,2122.35,4.64,32
2025-04-08,"Jacksonville, FL",Pediatrics,20.6,1535.54,3.21,25
2025-04-08,"Jacksonville, FL",Emergency,11.9,854.08,4.61,34
2025-04-09,"Rochester, MN",Cardiology,8.5,4292.8,3.79,9
2025-04-09,"Rochester, MN",Neurology,30.4,4465.74,3.82,23
2025-04-09,"Rochester, MN",Oncology,31.3,1023.04,4.12,20
2025-04-09,"Rochester, MN",Orthopedics,18.3,4620.09,3.92,35
2025-04-09,"Rochester, MN",Pediatrics,16.9,2629.91,4.08,49
2025-04-09,"Rochester, MN",Emergency,16.4,219.23,3.97,4
2025-04-09,"Phoenix, AZ",Cardiology,15.1,3848.48,3.99,43
2025-04-09,"Phoenix, AZ",Neurology,5.8,4997.42,4.03,13
2025-04-09,"Phoenix, AZ",Oncology,45.4,1257.38,3.98,4
2025-04-09,"Phoenix, AZ",Orthopedics,52.1,1723.7,3.28,41
2025-04-09,"Phoenix, AZ",Pediatrics,33.3,422.37,4.98,44
2025-04-09,"Phoenix, AZ",Emergency,38.9,3628.41,3.57,38
2025-04-09,"Jacksonville, FL",Cardiology,9.4,3593.66,4.73,34
2025-04-09,"Jacksonville, FL",Neurology,41.5,2815.55,4.48,42
2025-04-09,"Jacksonville, FL",Oncology,6.3,2693.96,4.04,21
2025-04-09,"Jacksonville, FL",Orthopedics,45.2,3578.28,3.3,15
2025-04-09,"Jacksonville, FL",Pediatrics,38.9,3010.15,3.73,35
2025-04-09,"Jacksonville, FL",Emergency,12.5,1664.77,4.99,1
2025-04-10,"Rochester, MN",Cardiology,51.5,4770.99,4.75,42
2025-04-10,"Rochester, MN",Neurology,42.8,3041.93,4.78,29
2025-04-10,"Rochester, MN",Oncology,15.6,4489.57,3.77,17
2025-04-10,"Rochester, MN",Orthopedics,6.2,4308.93,4.58,6
2025-04-10,"Rochester, MN",Pediatrics,11.8,3351.46,4.63,20
2025-04-10,"Rochester, MN",Emergency,47.3,2215.4,3.54,17
2025-04-10,"Phoenix, AZ",Cardiology,52.2,983.03,4.04,18
2025-04-10,"Phoenix, AZ",Neurology,13.4,618.0,3.37,11
2025-04-10,"Phoenix, AZ",Oncology,35.5,1003.11,4.68,13
2025-04-10,"Phoenix, AZ",Orthopedics,30.7,1353.75,3.18,42
2025-04-10,"Phoenix, AZ",Pediatrics,12.0,4707.83,3.05,1
2025-04-10,"Phoenix, AZ",Emergency,38.5,1160.33,3.18,43
2025-04-10,"Jacksonville, FL",Cardiology,13.1,738.87,4.68,34
2025-04-10,"Jacksonville, FL",Neurology,41.7,1691.27,4.1,41
2025-04-10,"Jacksonville, FL",Oncology,40.9,3724.77,3.8,22
2025-04-10,"Jacksonville, FL",Orthopedics,13.4,3344.25,3.05,2
2025-04-10,"Jacksonville, FL",Pediatrics,10.6,4542.83,3.76,47
2025-04-10,"Jacksonville, FL",Emergency,53.2,2988.74,4.45,50
2025-04-11,"Rochester, MN",Cardiology,11.4,3700.77,3.9,27
2025-04-11,"Rochester, MN",Neurology,45.1,3990.88,4.25,12
2025-04-11,"Rochester, MN",Oncology,25.2,1164.34,4.5,10
2025-04-11,"Rochester, MN",Orthopedics,8.4,3633.99,4.26,7
2025-04-11,"Rochester, MN",Pediatrics,22.2,1635.56,3.09,3
2025-04-11,"Rochester, MN",Emergency,48.0,3036.0,4.53,50
2025-04-11,"Phoenix, AZ",Cardiology,13.6,2916.46,3.42,11
2025-04-11,"Phoenix, AZ",Neurology,32.7,4795.73,3.02,38
2025-04-11,"Phoenix, AZ",Oncology,55.5,3860.38,3.72,14
2025-04-11,"Phoenix, AZ",Orthopedics,14.5,3270.26,4.96,4
2025-04-11,"Phoenix, AZ",Pediatrics,11.7,1416.99,3.72,46
2025-04-11,"Phoenix, AZ",Emergency,16.3,2601.17,4.59,43
2025-04-11,"Jacksonville, FL",Cardiology,49.4,2046.48,3.2,22
2025-04-11,"Jacksonville, FL",Neurology,5.4,4506.2,4.45,32
2025-04-11,"Jacksonville, FL",Oncology,23.9,4336.96,3.66,40
2025-04-11,"Jacksonville, FL",Orthopedics,22.8,3538.71,3.91,2
2025-04-11,"Jacksonville, FL",Pediatrics,42.3,3724.14,3.98,3
2025-04-11,"Jacksonville, FL",Emergency,15.7,3781.41,4.82,42
2025-04-12,"Rochester, MN",Cardiology,53.3,4551.7,4.15,29
2025-04-12,"Rochester, MN",Neurology,32.7,3246.01,3.01,36
2025-04-12,"Rochester, MN",Oncology,52.6,4666.95,4.47,44
2025-04-12,"Rochester, MN",Orthopedics,26.2,4992.02,4.33,26
2025-04-12,"Rochester, MN",Pediatrics,22.6,4817.91,3.6,16
2025-04-12,"Rochester, MN",Emergency,58.1,2418.47,3.19,44
2025-04-12,"Phoenix, AZ",Cardiology,27.1,1675.96,3.08,24
2025-04-12,"Phoenix, AZ",Neurology,5.3,1662.59,3.06,50
2025-04-12,"Phoenix, AZ",Oncology,28.8,1932.0,3.54,50
2025-04-12,"Phoenix, AZ",Orthopedics,25.4,4774.19,4.15,1
2025-04-12,"Phoenix, AZ",Pediatrics,12.2,2347.62,4.01,5
2025-04-12,"Phoenix, AZ",Emergency,17.4,2915.19,4.22,33
2025-04-12,"Jacksonville, FL",Cardiology,30.5,1657.1,4.34,49
2025-04-12,"Jacksonville, FL",Neurology,23.5,2219.43,4.31,12
2025-04-12,"Jacksonville, FL",Oncology,29.1,3720.84,4.88,28
2025-04-12,"Jacksonville, FL",Orthopedics,16.1,3413.43,3.48,40
2025-04-12,"Jacksonville, FL",Pediatrics,25.0,2315.03,4.42,41
2025-04-12,"Jacksonville, FL",Emergency,14.5,3725.43,4.82,33
2025-04-13,"Rochester, MN",Cardiology,40.5,3799.4,3.71,35
2025-04-13,"Rochester, MN",Neurology,28.2,2704.98,4.57,44
2025-04-13,"Rochester, MN",Oncology,10.5,3104.72,3.48,29
2025-04-13,"Rochester, MN",Orthopedics,5.4,412.31,4.15,7
2025-04-13,"Rochester, MN",Pediatrics,15.8,2041.0,4.62,8
2025-04-13,"Rochester, MN",Emergency,18.6,890.01,3.19,37
2025-04-13,"Phoenix, AZ",Cardiology,24.6,1552.66,4.44,0
2025-04-13,"Phoenix, AZ",Neurology,54.6,939.61,3.1,47
2025-04-13,"Phoenix, AZ",Oncology,17.9,3720.3,4.53,14
2025-04-13,"Phoenix, AZ",Orthopedics,57.7,4017.85,3.13,34
2025-04-13,"Phoenix, AZ",Pediatrics,31.9,592.15,4.33,18
2025-04-13,"Phoenix, AZ",Emergency,18.3,4671.95,4.4,49
2025-04-13,"Jacksonville, FL",Cardiology,33.9,1151.01,4.92,37
2025-04-13,"Jacksonville, FL",Neurology,55.5,986.99,4.37,14
2025-04-13,"Jacksonville, FL",Oncology,55.2,614.73,3.82,9
2025-04-13,"Jacksonville, FL",Orthopedics,40.5,3789.62,4.57,25
2025-04-13,"Jacksonville, FL",Pediatrics,38.4,3864.82,3.75,28
2025-04-13,"Jacksonville, FL",Emergency,27.3,562.17,4.09,4
2025-04-14,"Rochester, MN",Cardiology,59.3,3816.79,4.4,38
2025-04-14,"Rochester, MN",Neurology,35.9,2178.23,3.67,40
2025-04-14,"Rochester, MN",Oncology,42.9,2454.32,4.31,50
2025-04-14,"Rochester, MN",Orthopedics,22.1,3600.71,3.48,11
2025-04-14,"Rochester, MN",Pediatrics,15.3,1049.02,4.49,7
2025-04-14,"Rochester, MN",Emergency,56.8,2118.65,4.27,39
2025-04-14,"Phoenix, AZ",Cardiology,39.1,3369.89,4.83,44
2025-04-14,"Phoenix, AZ",Neurology,5.2,4808.01,3.89,18
2025-04-14,"Phoenix, AZ",Oncology,36.8,1870.55,3.9,0
2025-04-14,"Phoenix, AZ",Orthopedics,15.9,3421.66,3.29,47
2025-04-14,"Phoenix, AZ",Pediatrics,51.9,1966.64,4.93,29
2025-04-14,"Phoenix, AZ",Emergency,11.2,3689.76,3.9,38
2025-04-14,"Jacksonville, FL",Cardiology,15.9,4807.94,4.15,20
2025-04-14,"Jacksonville, FL",Neurology,15.5,1389.08,3.64,29
2025-04-14,"Jacksonville, FL",Oncology,21.0,3505.51,4.54,28
2025-04-14,"Jacksonville, FL",Orthopedics,53.8,2808.45,4.56,21
2025-04-14,"Jacksonville, FL",Pediatrics,24.6,4377.85,3.5,30
2025-04-14,"Jacksonville, FL",Emergency,8.9,1358.24,4.26,44
2025-04-15,"Rochester, MN",Cardiology,36.0,4583.9,4.19,30
2025-04-15,"Rochester, MN",Neurology,55.2,1596.48,4.13,15
2025-04-15,"Rochester, MN",Oncology,23.5,3179.05,4.11,20
2025-04-15,"Rochester, MN",Orthopedics,9.5,4957.27,3.32,34
2025-04-15,"Rochester, MN",Pediatrics,58.1,3734.3,4.94,11
2025-04-15,"Rochester, MN",Emergency,23.3,1795.92,3.77,6
2025-04-15,"Phoenix, AZ",Cardiology,7.5,798.84,4.42,28
2025-04-15,"Phoenix, AZ",Neurology,18.1,2060.15,4.47,19
2025-04-15,"Phoenix, AZ",Oncology,54.6,2099.78,4.71,36
2025-04-15,"Phoenix, AZ",Orthopedics,38.6,1648.9,3.72,24
2025-04-15,"Phoenix, AZ",Pediatrics,45.6,1849.14,4.81,6
2025-04-15,"Phoenix, AZ",Emergency,19.1,1400.27,4.74,33
2025-04-15,"Jacksonville, FL",Cardiology,11.5,2645.47,4.14,0
2025-04-15,"Jacksonville, FL",Neurology,50.0,429.46,4.57,15
2025-04-15,"Jacksonville, FL",Oncology,41.5,2974.35,3.22,24
2025-04-15,"Jacksonville, FL",Orthopedics,24.1,1260.37,4.92,28
2025-04-15,"Jacksonville, FL",Pediatrics,55.7,1676.2,3.71,32
2025-04-15,"Jacksonville, FL",Emergency,34.6,2393.06,3.31,2
2025-04-16,"Rochester, MN",Cardiology,58.4,3055.51,3.08,22
2025-04-16,"Rochester, MN",Neurology,48.4,352.09,4.97,29
2025-04-16,"Rochester, MN",Oncology,47.9,4347.4,3.54,49
2025-04-16,"Rochester, MN",Orthopedics,42.7,1234.92,3.29,21
2025-04-16,"Rochester, MN",Pediatrics,18.4,2510.83,3.49,2
2025-04-16,"Rochester, MN",Emergency,17.1,2387.53,4.68,30
2025-04-16,"Phoenix, AZ",Cardiology,27.0,1452.56,3.54,34
2025-04-16,"Phoenix, AZ",Neurology,46.6,4768.12,3.67,0
2025-04-16,"Phoenix, AZ",Oncology,9.6,234.13,3.05,39
2025-04-16,"Phoenix, AZ",Orthopedics,14.2,1694.1,4.17,28
2025-04-16,"Phoenix, AZ",Pediatrics,27.1,4855.77,4.21,32
2025-04-16,"Phoenix, AZ",Emergency,15.2,1853.08,4.22,21
2025-04-16,"Jacksonville, FL",Cardiology,23.7,550.9,4.81,14
2025-04-16,"Jacksonville, FL",Neurology,39.0,2717.6,4.91,50
2025-04-16,"Jacksonville, FL",Oncology,17.1,3055.35,4.78,25
2025-04-16,"Jacksonville, FL",Orthopedics,43.8,3610.25,4.2,46
2025-04-16,"Jacksonville, FL",Pediatrics,9.4,4366.98,4.87,49
2025-04-16,"Jacksonville, FL",Emergency,53.1,2534.2,3.2,43
2025-04-17,"Rochester, MN",Cardiology,25.4,3708.5,4.92,46
2025-04-17,"Rochester, MN",Neurology,24.9,540.81,3.41,18
2025-04-17,"Rochester, MN",Oncology,11.0,1261.07,4.53,0
2025-04-17,"Rochester, MN",Orthopedics,39.6,4425.81,3.17,14
2025-04-17,"Rochester, MN",Pediatrics,56.8,2296.29,3.9,22
2025-04-17,"Rochester, MN",Emergency,24.2,4696.27,3.62,9
2025-04-17,"Phoenix, AZ",Cardiology,19.6,1648.88,3.34,19
2025-04-17,"Phoenix, AZ",Neurology,22.5,531.48,4.35,1
2025-04-17,"Phoenix, AZ",Oncology,39.3,1753.55,3.02,38
2025-04-17,"Phoenix, AZ",Orthopedics,52.2,3391.02,4.21,12
2025-04-17,"Phoenix, AZ",Pediatrics,27.1,3994.81,3.39,30
2025-04-17,"Phoenix, AZ",Emergency,55.8,1527.48,4.51,19
2025-04-17,"Jacksonville, FL",Cardiology,5.1,3877.74,4.23,45
2025-04-17,"Jacksonville, FL",Neurology,59.6,4020.38,3.03,17
2025-04-17,"Jacksonville, FL",Oncology,13.1,3735.56,4.47,42
2025-04-17,"Jacksonville, FL",Orthopedics,34.3,4667.13,3.24,13
2025-04-17,"Jacksonville, FL",Pediatrics,58.4,3332.56,3.56,33
2025-04-17,"Jacksonville, FL",Emergency,36.6,406.95,4.71,46
2025-04-18,"Rochester, MN",Cardiology,10.2,3501.37,3.3,19
2025-04-18,"Rochester, MN",Neurology,10.6,582.03,4.57,20
2025-04-18,"Rochester, MN",Oncology,13.6,3285.22,4.24,21
2025-04-18,"Rochester, MN",Orthopedics,8.4,1934.7,4.38,35
2025-04-18,"Rochester, MN",Pediatrics,12.4,451.99,4.09,0
2025-04-18,"Rochester, MN",Emergency,29.9,3124.96,3.73,37
2025-04-18,"Phoenix, AZ",Cardiology,13.7,3556.76,3.88,20
2025-04-18,"Phoenix, AZ",Neurology,37.9,1910.72,3.51,50
2025-04-18,"Phoenix, AZ",Oncology,20.8,690.29,4.7,47
2025-04-18,"Phoenix, AZ",Orthopedics,59.2,3605.73,3.76,14
2025-04-18,"Phoenix, AZ",Pediatrics,6.6,3819.56,4.92,4
2025-04-18,"Phoenix, AZ",Emergency,8.4,2909.87,4.21,7
2025-04-18,"Jacksonville, FL",Cardiology,6.5,3226.04,3.92,33
2025-04-18,"Jacksonville, FL",Neurology,53.3,1138.28,4.5,24
2025-04-18,"Jacksonville, FL",Oncology,10.7,3363.55,3.39,21
2025-04-18,"Jacksonville, FL",Orthopedics,26.5,2716.77,4.07,0
2025-04-18,"Jacksonville, FL",Pediatrics,10.4,260.9,3.55,27
2025-04-18,"Jacksonville, FL",Emergency,19.6,2803.38,4.79,37
2025-04-19,"Rochester, MN",Cardiology,54.5,4868.18,3.6,11
2025-04-19,"Rochester, MN",Neurology,57.7,1366.31,3.81,2
2025-04-19,"Rochester, MN",Oncology,6.3,4345.7,4.91,26
2025-04-19,"Rochester, MN",Orthopedics,42.1,3121.53,4.63,2
2025-04-19,"Rochester, MN",Pediatrics,29.6,1370.34,4.61,36
2025-04-19,"Rochester, MN",Emergency,22.7,1414.98,4.17,47
2025-04-19,"Phoenix, AZ",Cardiology,53.3,2562.47,4.86,26
2025-04-19,"Phoenix, AZ",Neurology,36.6,4712.7,3.9,23
2025-04-19,"Phoenix, AZ",Oncology,19.9,1047.42,4.73,29
2025-04-19,"Phoenix, AZ",Orthopedics,19.1,1774.57,3.36,18
2025-04-19,"Phoenix, AZ",Pediatrics,36.8,1415.53,3.62,17
2025-04-19,"Phoenix, AZ",Emergency,17.9,2385.6,4.23,36
2025-04-19,"Jacksonville, FL",Cardiology,44.4,1646.31,4.8,0
2025-04-19,"Jacksonville, FL",Neurology,43.3,4768.61,4.3,32
2025-04-19,"Jacksonville, FL",Oncology,8.0,956.27,3.41,9
2025-04-19,"Jacksonville, FL",Orthopedics,31.4,885.93,3.8,11
2025-04-19,"Jacksonville, FL",Pediatrics,58.8,2926.8,3.32,5
2025-04-19,"Jacksonville, FL",Emergency,48.2,4650.79,3.11,13
2025-04-20,"Rochester, MN",Cardiology,51.4,3421.75,4.33,15
2025-04-20,"Rochester, MN",Neurology,33.3,4918.02,3.04,5
2025-04-20,"Rochester, MN",Oncology,53.3,2400.3,3.9,14
2025-04-20,"Rochester, MN",Orthopedics,44.0,4197.7,4.99,10
2025-04-20,"Rochester, MN",Pediatrics,43.3,4659.95,4.27,33
2025-04-20,"Rochester, MN",Emergency,8.0,3064.31,3.54,30
2025-04-20,"Phoenix, AZ",Cardiology,8.0,3200.82,4.67,34
2025-04-20,"Phoenix, AZ",Neurology,55.2,2375.72,4.8,43
2025-04-20,"Phoenix, AZ",Oncology,49.2,3080.08,3.45,15
2025-04-20,"Phoenix, AZ",Orthopedics,35.4,1437.53,4.14,17
2025-04-20,"Phoenix, AZ",Pediatrics,35.8,3238.71,3.48,26
2025-04-20,"Phoenix, AZ",Emergency,12.7,4058.69,3.16,15
2025-04-20,"Jacksonville, FL",Cardiology,14.9,251.83,4.94,36
2025-04-20,"Jacksonville, FL",Neurology,42.7,316.03,3.16,29
2025-04-20,"Jacksonville, FL",Oncology,19.9,1153.3,3.35,22
2025-04-20,"Jacksonville, FL",Orthopedics,28.6,4783.28,4.26,47
2025-04-20,"Jacksonville, FL",Pediatrics,25.6,2204.17,3.09,32
2025-04-20,"Jacksonville, FL",Emergency,22.1,1573.69,3.94,45
2025-04-21,"Rochester, MN",Cardiology,58.3,3708.22,3.73,17
2025-04-21,"Rochester, MN",Neurology,10.3,4615.35,3.79,46
2025-04-21,"Rochester, MN",Oncology,7.6,2517.16,3.72,23
2025-04-21,"Rochester, MN",Orthopedics,8.1,1000.06,4.37,17
2025-04-21,"Rochester, MN",Pediatrics,58.3,2553.9,4.59,48
2025-04-21,"Rochester, MN",Emergency,37.3,4873.73,3.2,4
2025-04-21,"Phoenix, AZ",Cardiology,51.7,3709.3,4.75,5
2025-04-21,"Phoenix, AZ",Neurology,44.8,1742.78,3.62,11
2025-04-21,"Phoenix, AZ",Oncology,26.2,1842.57,4.11,35
2025-04-21,"Phoenix, AZ",Orthopedics,21.3,2521.51,4.19,43
2025-04-21,"Phoenix, AZ",Pediatrics,14.5,2496.35,3.16,37
2025-04-21,"Phoenix, AZ",Emergency,31.1,330.34,4.06,16
2025-04-21,"Jacksonville, FL",Cardiology,26.1,4213.62,4.62,45
2025-04-21,"Jacksonville, FL",Neurology,43.6,4629.84,3.74,34
2025-04-21,"Jacksonville, FL",Oncology,11.1,1901.55,4.48,11
2025-04-21,"Jacksonville, FL",Orthopedics,55.5,4127.99,3.79,9
2025-04-21,"Jacksonville, FL",Pediatrics,40.1,1364.81,4.19,19
2025-04-21,"Jacksonville, FL",Emergency,39.9,2583.22,3.56,29
2025-04-22,"Rochester, MN",Cardiology,26.8,2227.48,4.94,48
2025-04-22,"Rochester, MN",Neurology,44.6,1818.03,4.32,30
2025-04-22,"Rochester, MN",Oncology,30.9,672.04,4.89,43
2025-04-22,"Rochester, MN",Orthopedics,20.2,1662.5,4.24,18
2025-04-22,"Rochester, MN",Pediatrics,12.3,2882.43,4.29,47
2025-04-22,"Rochester, MN",Emergency,45.1,3288.02,3.47,4
2025-04-22,"Phoenix, AZ",Cardiology,53.7,3059.45,4.98,48
2025-04-22,"Phoenix, AZ",Neurology,15.2,3877.65,3.65,45
2025-04-22,"Phoenix, AZ",Oncology,49.6,2804.79,4.47,42
2025-04-22,"Phoenix, AZ",Orthopedics,40.7,2252.9,3.78,19
2025-04-22,"Phoenix, AZ",Pediatrics,18.8,1629.05,4.32,11
2025-04-22,"Phoenix, AZ",Emergency,23.2,541.27,3.28,4
2025-04-22,"Jacksonville, FL",Cardiology,50.6,3707.76,4.45,47
2025-04-22,"Jacksonville, FL",Neurology,10.2,1038.07,3.87,4
2025-04-22,"Jacksonville, FL",Oncology,50.8,4931.24,3.63,31
2025-04-22,"Jacksonville, FL",Orthopedics,59.8,2858.27,3.37,21
2025-04-22,"Jacksonville, FL",Pediatrics,16.9,2233.76,4.87,15
2025-04-22,"Jacksonville, FL",Emergency,52.5,2679.2,3.46,36
2025-04-23,"Rochester, MN",Cardiology,10.9,3330.97,4.18,44
2025-04-23,"Rochester, MN",Neurology,40.0,2583.34,4.42,34
2025-04-23,"Rochester, MN",Oncology,47.6,1496.5,3.95,4
2025-04-23,"Rochester, MN",Orthopedics,7.3,1468.05,3.35,25
2025-04-23,"Rochester, MN",Pediatrics,5.1,4836.02,3.89,0
2025-04-23,"Rochester, MN",Emergency,42.7,286.89,3.22,5
2025-04-23,"Phoenix, AZ",Cardiology,33.9,2535.91,4.38,49
2025-04-23,"Phoenix, AZ",Neurology,39.3,2315.07,3.12,31
2025-04-23,"Phoenix, AZ",Oncology,48.4,3027.57,3.8,16
2025-04-23,"Phoenix, AZ",Orthopedics,29.7,2883.19,4.68,7
2025-04-23,"Phoenix, AZ",Pediatrics,13.1,2872.32,4.08,38
2025-04-23,"Phoenix, AZ",Emergency,58.1,1091.21,4.3,40
2025-04-23,"Jacksonville, FL",Cardiology,24.3,2536.65,4.81,22
2025-04-23,"Jacksonville, FL",Neurology,50.9,4775.42,4.26,47
2025-04-23,"Jacksonville, FL",Oncology,53.3,2848.69,3.25,20
2025-04-23,"Jacksonville, FL",Orthopedics,8.3,2347.67,4.36,12
2025-04-23,"Jacksonville, FL",Pediatrics,55.2,2249.53,3.73,3
2025-04-23,"Jacksonville, FL",Emergency,47.9,3538.8,4.89,2
2025-04-24,"Rochester, MN",Cardiology,41.5,3204.69,3.99,7
2025-04-24,"Rochester, MN",Neurology,44.5,4316.71,3.45,25
2025-04-24,"Rochester, MN",Oncology,30.7,2929.29,4.23,5
2025-04-24,"Rochester, MN",Orthopedics,13.7,2117.38,4.18,3
2025-04-24,"Rochester, MN",Pediatrics,21.4,390.44,3.23,0
2025-04-24,"Rochester, MN",Emergency,50.7,4750.01,4.99,45
2025-04-24,"Phoenix, AZ",Cardiology,40.5,3152.13,4.14,22
2025-04-24,"Phoenix, AZ",Neurology,11.4,4770.4,3.76,34
2025-04-24,"Phoenix, AZ",Oncology,9.8,324.86,3.28,15
2025-04-24,"Phoenix, AZ",Orthopedics,23.7,1622.64,4.93,1
2025-04-24,"Phoenix, AZ",Pediatrics,31.1,809.08,3.79,44
2025-04-24,"Phoenix, AZ",Emergency,56.0,1712.69,4.38,37
2025-04-24,"Jacksonville, FL",Cardiology,57.3,4699.54,4.38,14
2025-04-24,"Jacksonville, FL",Neurology,21.3,2008.08,3.33,13
2025-04-24,"Jacksonville, FL",Oncology,39.7,4940.85,3.12,44
2025-04-24,"Jacksonville, FL",Orthopedics,19.3,1886.84,3.27,0
2025-04-24,"Jacksonville, FL",Pediatrics,55.3,1578.61,4.13,49
2025-04-24,"Jacksonville, FL",Emergency,29.1,2759.9,4.19,50
2025-04-25,"Rochester, MN",Cardiology,53.5,1092.74,4.17,0
2025-04-25,"Rochester, MN",Neurology,40.4,3687.48,3.78,50
2025-04-25,"Rochester, MN",Oncology,41.2,986.07,3.22,44
2025-04-25,"Rochester, MN",Orthopedics,58.6,3912.82,4.98,35
2025-04-25,"Rochester, MN",Pediatrics,51.4,3616.54,4.64,14
2025-04-25,"Rochester, MN",Emergency,9.8,4250.1,3.02,25
2025-04-25,"Phoenix, AZ",Cardiology,12.4,2511.06,4.33,17
2025-04-25,"Phoenix, AZ",Neurology,49.0,3180.88,4.77,38
2025-04-25,"Phoenix, AZ",Oncology,30.8,3336.74,3.85,20
2025-04-25,"Phoenix, AZ",Orthopedics,24.8,3416.27,3.71,39
2025-04-25,"Phoenix, AZ",Pediatrics,48.2,4372.48,3.89,37
2025-04-25,"Phoenix, AZ",Emergency,51.1,586.24,4.57,39
2025-04-25,"Jacksonville, FL",Cardiology,32.1,859.62,3.02,23
2025-04-25,"Jacksonville, FL",Neurology,27.4,2494.99,3.59,10
2025-04-25,"Jacksonville, FL",Oncology,33.2,2248.04,3.58,38
2025-04-25,"Jacksonville, FL",Orthopedics,35.7,966.03,3.96,33
2025-04-25,"Jacksonville, FL",Pediatrics,26.8,3436.36,3.57,25
2025-04-25,"Jacksonville, FL",Emergency,6.8,4462.1,3.25,23
2025-04-26,"Rochester, MN",Cardiology,50.4,1622.43,4.66,6
2025-04-26,"Rochester, MN",Neurology,48.6,1279.34,4.13,0
2025-04-26,"Rochester, MN",Oncology,13.0,3336.87,4.9,20
2025-04-26,"Rochester, MN",Orthopedics,34.9,4813.38,4.89,13
2025-04-26,"Rochester, MN",Pediatrics,47.6,3381.34,3.61,44
2025-04-26,"Rochester, MN",Emergency,38.9,1526.96,4.99,24
2025-04-26,"Phoenix, AZ",Cardiology,47.7,1570.53,4.14,15
2025-04-26,"Phoenix, AZ",Neurology,51.8,826.4,3.26,7
2025-04-26,"Phoenix, AZ",Oncology,57.9,3393.77,4.86,31
2025-04-26,"Phoenix, AZ",Orthopedics,41.6,2414.54,3.37,31
2025-04-26,"Phoenix, AZ",Pediatrics,32.0,3804.93,3.4,50
2025-04-26,"Phoenix, AZ",Emergency,32.2,1191.74,3.71,29
2025-04-26,"Jacksonville, FL",Cardiology,55.0,4558.17,4.4,25
2025-04-26,"Jacksonville, FL",Neurology,45.0,1662.99,4.54,14
2025-04-26,"Jacksonville, FL",Oncology,21.2,1682.16,4.05,18
2025-04-26,"Jacksonville, FL",Orthopedics,40.9,4734.78,3.79,3
2025-04-26,"Jacksonville, FL",Pediatrics,19.7,3925.94,4.31,32
2025-04-26,"Jacksonville, FL",Emergency,10.7,1164.71,4.64,22
2025-04-27,"Rochester, MN",Cardiology,11.2,1514.32,3.99,28
2025-04-27,"Rochester, MN",Neurology,22.2,1856.99,3.23,47
2025-04-27,"Rochester, MN",Oncology,31.0,1806.97,3.21,28
2025-04-27,"Rochester, MN",Orthopedics,28.9,4911.37,3.4,11
2025-04-27,"Rochester, MN",Pediatrics,37.7,4740.42,4.73,3
2025-04-27,"Rochester, MN",Emergency,58.5,2229.9,3.53,42
2025-04-27,"Phoenix, AZ",Cardiology,39.5,1544.05,4.48,5
2025-04-27,"Phoenix, AZ",Neurology,7.7,2953.78,3.53,26
2025-04-27,"Phoenix, AZ",Oncology,41.0,1538.57,4.08,10
2025-04-27,"Phoenix, AZ",Orthopedics,29.4,4915.69,3.82,17
2025-04-27,"Phoenix, AZ",Pediatrics,49.7,3007.86,3.79,4
2025-04-27,"Phoenix, AZ",Emergency,26.6,2838.37,4.57,12
2025-04-27,"Jacksonville, FL",Cardiology,13.8,761.08,4.22,32
2025-04-27,"Jacksonville, FL",Neurology,18.9,1183.23,3.46,44
2025-04-27,"Jacksonville, FL",Oncology,48.1,2816.42,4.42,37
2025-04-27,"Jacksonville, FL",Orthopedics,42.1,1696.73,3.03,50
2025-04-27,"Jacksonville, FL",Pediatrics,19.5,4860.11,4.56,8
2025-04-27,"Jacksonville, FL",Emergency,52.5,1144.9,4.07,4
2025-04-28,"Rochester, MN",Cardiology,7.4,2652.86,3.32,28
2025-04-28,"Rochester, MN",Neurology,29.8,3370.74,4.17,34
2025-04-28,"Rochester, MN",Oncology,32.8,3231.82,4.8,38
2025-04-28,"Rochester, MN",Orthopedics,23.3,1046.17,4.34,38
2025-04-28,"Rochester, MN",Pediatrics,56.6,3399.54,3.36,29
2025-04-28,"Rochester, MN",Emergency,41.6,774.26,3.74,37
2025-04-28,"Phoenix, AZ",Cardiology,37.0,1296.46,3.35,10
2025-04-28,"Phoenix, AZ",Neurology,55.5,1880.44,3.97,14
2025-04-28,"Phoenix, AZ",Oncology,22.0,3543.58,3.87,48
2025-04-28,"Phoenix, AZ",Orthopedics,59.2,2937.06,4.87,38
2025-04-28,"Phoenix, AZ",Pediatrics,49.5,2647.36,3.76,25
2025-04-28,"Phoenix, AZ",Emergency,7.0,4077.97,4.5,6
2025-04-28,"Jacksonville, FL",Cardiology,30.7,1651.97,3.19,41
2025-04-28,"Jacksonville, FL",Neurology,38.3,3945.92,4.93,21
2025-04-28,"Jacksonville, FL",Oncology,40.0,3081.78,4.35,46
2025-04-28,"Jacksonville, FL",Orthopedics,53.9,3826.42,3.26,34
2025-04-28,"Jacksonville, FL",Pediatrics,26.1,4800.12,4.48,41
2025-04-28,"Jacksonville, FL",Emergency,6.4,4597.9,3.26,26
2025-04-29,"Rochester, MN",Cardiology,44.5,2436.56,3.86,31
2025-04-29,"Rochester, MN",Neurology,47.7,2257.29,3.78,24
2025-04-29,"Rochester, MN",Oncology,18.8,3351.31,4.53,32
2025-04-29,"Rochester, MN",Orthopedics,38.0,1916.64,4.01,48
2025-04-29,"Rochester, MN",Pediatrics,30.8,929.14,3.26,4
2025-04-29,"Rochester, MN",Emergency,23.2,4718.17,3.87,17
2025-04-29,"Phoenix, AZ",Cardiology,22.1,1686.78,3.54,35
2025-04-29,"Phoenix, AZ",Neurology,34.8,2372.62,3.11,30
2025-04-29,"Phoenix, AZ",Oncology,50.5,2775.35,3.81,15
2025-04-29,"Phoenix, AZ",Orthopedics,19.1,355.56,4.31,13
2025-04-29,"Phoenix, AZ",Pediatrics,47.5,811.78,3.53,27
2025-04-29,"Phoenix, AZ",Emergency,38.8,2615.14,3.26,26
2025-04-29,"Jacksonville, FL",Cardiology,45.0,251.17,4.07,37
2025-04-29,"Jacksonville, FL",Neurology,41.1,2173.55,3.99,29
2025-04-29,"Jacksonville, FL",Oncology,30.4,732.75,3.15,3
2025-04-29,"Jacksonville, FL",Orthopedics,42.5,1826.79,3.93,18
2025-04-29,"Jacksonville, FL",Pediatrics,34.2,1666.62,4.79,11
2025-04-29,"Jacksonville, FL",Emergency,43.6,406.4,4.36,40
2025-04-30,"Rochester, MN",Cardiology,28.3,544.09,4.64,21
2025-04-30,"Rochester, MN",Neurology,25.8,2507.91,4.46,40
2025-04-30,"Rochester, MN",Oncology,28.3,3208.58,4.96,19
2025-04-30,"Rochester, MN",Orthopedics,22.0,2441.42,3.2,40
2025-04-30,"Rochester, MN",Pediatrics,22.2,2813.61,3.56,25
2025-04-30,"Rochester, MN",Emergency,40.4,3086.61,4.89,33
2025-04-30,"Phoenix, AZ",Cardiology,14.1,3250.49,3.07,38
2025-04-30,"Phoenix, AZ",Neurology,54.8,2623.18,3.81,1
2025-04-30,"Phoenix, AZ",Oncology,51.6,3471.82,4.21,3
2025-04-30,"Phoenix, AZ",Orthopedics,50.3,1564.45,4.35,42
2025-04-30,"Phoenix, AZ",Pediatrics,7.8,3563.58,4.67,9
2025-04-30,"Phoenix, AZ",Emergency,56.3,1180.18,3.73,3
2025-04-30,"Jacksonville, FL",Cardiology,13.0,3031.19,4.42,10
2025-04-30,"Jacksonville, FL",Neurology,14.2,553.74,3.37,27
2025-04-30,"Jacksonville, FL",Oncology,16.1,4459.99,4.41,26
2025-04-30,"Jacksonville, FL",Orthopedics,17.4,4826.08,3.97,0
2025-04-30,"Jacksonville, FL",Pediatrics,15.2,1273.32,4.79,0
2025-04-30,"Jacksonville, FL",Emergency,45.8,4536.14,3.74,27
2025-05-01,"Rochester, MN",Cardiology,46.3,363.25,4.73,20
2025-05-01,"Rochester, MN",Neurology,36.8,2021.79,3.55,22
2025-05-01,"Rochester, MN",Oncology,45.7,4128.27,3.0,35
2025-05-01,"Rochester, MN",Orthopedics,20.2,2990.25,4.86,12
2025-05-01,"Rochester, MN",Pediatrics,14.5,4437.22,4.51,16
2025-05-01,"Rochester, MN",Emergency,28.4,3056.86,4.22,22
2025-05-01,"Phoenix, AZ",Cardiology,51.2,2926.29,3.83,32
2025-05-01,"Phoenix, AZ",Neurology,55.1,2449.28,3.56,7
2025-05-01,"Phoenix, AZ",Oncology,43.6,740.26,3.83,49
2025-05-01,"Phoenix, AZ",Orthopedics,46.5,2664.5,3.33,27
2025-05-01,"Phoenix, AZ",Pediatrics,42.4,2877.8,4.56,9
2025-05-01,"Phoenix, AZ",Emergency,7.1,4272.34,4.41,39
2025-05-01,"Jacksonville, FL",Cardiology,25.2,2314.77,4.85,35
2025-05-01,"Jacksonville, FL",Neurology,24.7,4739.52,4.45,10
2025-05-01,"Jacksonville, FL",Oncology,51.7,4309.65,3.2,31
2025-05-01,"Jacksonville, FL",Orthopedics,22.9,3920.99,4.76,13
2025-05-01,"Jacksonville, FL",Pediatrics,17.8,4430.29,4.16,30
2025-05-01,"Jacksonville, FL",Emergency,35.9,830.88,3.66,2
2025-05-02,"Rochester, MN",Cardiology,42.1,2980.56,3.68,6
2025-05-02,"Rochester, MN",Neurology,27.6,1176.91,3.57,42
2025-05-02,"Rochester, MN",Oncology,26.8,1930.18,3.82,36
2025-05-02,"Rochester, MN",Orthopedics,33.4,2972.6,3.18,5
2025-05-02,"Rochester, MN",Pediatrics,17.9,4392.94,3.78,4
2025-05-02,"Rochester, MN",Emergency,41.6,3505.74,4.39,35
2025-05-02,"Phoenix, AZ",Cardiology,46.7,4627.91,3.33,25
2025-05-02,"Phoenix, AZ",Neurology,33.5,3017.56,4.87,50
2025-05-02,"Phoenix, AZ",Oncology,20.4,344.43,4.52,14
2025-05-02,"Phoenix, AZ",Orthopedics,37.6,999.2,4.87,6
2025-05-02,"Phoenix, AZ",Pediatrics,22.3,4625.35,3.34,14
2025-05-02,"Phoenix, AZ",Emergency,44.9,747.52,4.74,17
2025-05-02,"Jacksonville, FL",Cardiology,47.2,229.42,3.42,49
2025-05-02,"Jacksonville, FL",Neurology,23.6,3463.34,4.94,34
2025-05-02,"Jacksonville, FL",Oncology,48.5,944.75,3.44,0
2025-05-02,"Jacksonville, FL",Orthopedics,43.9,2578.47,4.08,36
2025-05-02,"Jacksonville, FL",Pediatrics,14.7,3483.21,3.59,19
2025-05-02,"Jacksonville, FL",Emergency,22.0,1606.8,4.81,39
2025-05-03,"Rochester, MN",Cardiology,30.7,3507.13,3.81,48
2025-05-03,"Rochester, MN",Neurology,57.9,3984.27,4.54,23
2025-05-03,"Rochester, MN",Oncology,42.8,2694.07,4.67,34
2025-05-03,"Rochester, MN",Orthopedics,21.7,2425.28,4.21,0
2025-05-03,"Rochester, MN",Pediatrics,49.6,1404.96,4.31,39
2025-05-03,"Rochester, MN",Emergency,17.7,3375.34,3.18,43
2025-05-03,"Phoenix, AZ",Cardiology,12.8,4806.9,3.16,20
2025-05-03,"Phoenix, AZ",Neurology,31.4,729.66,3.44,25
2025-05-03,"Phoenix, AZ",Oncology,17.2,2365.81,4.79,14
2025-05-03,"Phoenix, AZ",Orthopedics,21.5,442.36,3.68,47
2025-05-03,"Phoenix, AZ",Pediatrics,55.8,1030.73,4.23,26
2025-05-03,"Phoenix, AZ",Emergency,35.5,438.45,3.64,21
2025-05-03,"Jacksonville, FL",Cardiology,36.9,4822.33,4.49,3
2025-05-03,"Jacksonville, FL",Neurology,32.5,4672.09,4.12,44
2025-05-03,"Jacksonville, FL",Oncology,20.0,2148.94,3.87,39
2025-05-03,"Jacksonville, FL",Orthopedics,49.1,3861.03,4.08,45
2025-05-03,"Jacksonville, FL",Pediatrics,57.2,355.39,3.08,10
2025-05-03,"Jacksonville, FL",Emergency,58.2,2699.39,4.2,38
2025-05-04,"Rochester, MN",Cardiology,7.4,1872.23,4.34,20
2025-05-04,"Rochester, MN",Neurology,50.5,4262.57,4.03,46
2025-05-04,"Rochester, MN",Oncology,32.4,1481.71,4.49,46
2025-05-04,"Rochester, MN",Orthopedics,56.4,2647.18,4.78,46
2025-05-04,"Rochester, MN",Pediatrics,6.2,4994.53,4.72,43
2025-05-04,"Rochester, MN",Emergency,25.5,1017.42,4.05,40
2025-05-04,"Phoenix, AZ",Cardiology,32.5,4700.21,4.56,18
2025-05-04,"Phoenix, AZ",Neurology,22.5,284.94,3.26,18
2025-05-04,"Phoenix, AZ",Oncology,18.7,2376.13,3.89,48
2025-05-04,"Phoenix, AZ",Orthopedics,19.9,4441.7,3.39,21
2025-05-04,"Phoenix, AZ",Pediatrics,19.9,3862.17,4.26,12
2025-05-04,"Phoenix, AZ",Emergency,58.1,296.71,3.86,1
2025-05-04,"Jacksonville, FL",Cardiology,34.2,3637.75,4.44,50
2025-05-04,"Jacksonville, FL",Neurology,38.9,1308.78,4.32,22
2025-05-04,"Jacksonville, FL",Oncology,12.9,2395.93,3.77,32
2025-05-04,"Jacksonville, FL",Orthopedics,52.2,4357.5,3.19,13
2025-05-04,"Jacksonville, FL",Pediatrics,28.1,1107.86,3.21,0
2025-05-04,"Jacksonville, FL",Emergency,9.4,3193.71,4.07,47
